5624	com.softwego.lockscreen-1.apk	All_Apk
5623	com.skyboard.google.dragonguild-1.apk	All_Apk
6301	com.jday.pdk-1.apk	All_Apk
5622	com.glu.ewarriors3-1.apk	All_Apk
5621	com.g6677.android.ledoctor-1.apk	All_Apk
6300	com.jday.blackjack-1.apk	All_Apk
5618	com.rovio.angrybirdsgo-1.apk	All_Apk
6297	com.gravitysensation.sumotori-1.apk	All_Apk
6302	com.joym.xiongdakuaipao-1.apk	All_Apk
5404	air.BattleofZombies-1.apk	All_Apk
7914	com.degoo.android.icecreammaker-1.apk	All_Apk
5393	com.nba.summerleague-1.apk	All_Apk
5395	com.madfingergames.deadtrigger2-1.apk	All_Apk
5398	cn.jj-1.apk	All_Apk
5400	com.tencent.hero-1.apk	All_Apk
5405	air.com.ea.game.monopolyslots_na-1.apk	All_Apk
5406	air.com.freshplanet.games.MoviePop-1.apk	All_Apk
5407	air.com.game.winwinslots-1.apk	All_Apk
5408	air.com.gamesys.mobile.slots.jpj-1.apk	All_Apk
5409	at.ner.lepsWorld3Plus-1.apk	All_Apk
5410	co.happybits.anyvideo.kik-1.apk	All_Apk
5411	com.D9.hero.zqgame.en.andriodgp-1.apk	All_Apk
5412	com.activision.callofduty.mobile-1.apk	All_Apk
5413	com.adsk.sketchbookhd-1.apk	All_Apk
5414	com.bbm-1.apk	All_Apk
5415	com.bible.kids-1.apk	All_Apk
5416	com.catdaddy.nba2kmobile-1.apk	All_Apk
5417	com.cheerfulinc.flipagram-1.apk	All_Apk
5418	com.degoo.android.coffee-1.apk	All_Apk
5419	com.degoo.android.washpet-1.apk	All_Apk
5420	com.disney.disneyinfinityaction_goo-1.apk	All_Apk
5421	com.djinnworks.StickmanSoccer-1.apk	All_Apk
5422	com.ea.game.monopolybingo_na-1.apk	All_Apk
5423	com.ea.game.pvz2_na-1.apk	All_Apk
5424	com.fatbatstudio.archery-1.apk	All_Apk
5425	com.g6677.android.babyspa-1.apk	All_Apk
5426	com.g6677.android.design-1.apk	All_Apk
5427	com.g6677.android.lpetvet-1.apk	All_Apk
5428	com.g6677.android.petnail-1.apk	All_Apk
5429	com.gamecircus.moviez-1.apk	All_Apk
5430	com.gameday.AnRoom_MKT-1.apk	All_Apk
5431	com.gamehivecorp.bossrace-1.apk	All_Apk
5432	com.gamevil.spiritstones.global.free-1.apk	All_Apk
5433	com.jumpgames.rswrb-1.apk	All_Apk
5434	com.kakapo.bingo-1.apk	All_Apk
5435	com.kiwi.westbound-1.apk	All_Apk
5436	com.kongregate.mobile.sheephappens.google-1.apk	All_Apk
5437	com.lbcs.virtualbraces-1.apk	All_Apk
5438	com.limbic.ac130-1.apk	All_Apk
5439	com.lucasarts.tinydeathstar_goo-1.apk	All_Apk
5440	com.magmamobile.game.Fireman-1.apk	All_Apk
5441	com.marvel.avengersalliance_goo-1.apk	All_Apk
5442	com.microsoft.xboxone.smartglass-1.apk	All_Apk
5443	com.midasplayer.apps.papapearsaga-1.apk	All_Apk
5444	com.mohitdev.minebuild-1.apk	All_Apk
5445	com.nuttyapps.pet.vet.doctor-1.apk	All_Apk
5446	com.oceanred.gladiatorbattlecraft3d-1.apk	All_Apk
5447	com.outfit7.mytalkingtomfree-1.apk	All_Apk
5448	com.pikpok.fkf2.play-1.apk	All_Apk
5449	com.playtika.wsop.gp-1.apk	All_Apk
5450	com.reliancegames.hgpanemrun-1.apk	All_Apk
5451	com.scopely.skeeball-1.apk	All_Apk
5452	com.skgames.trafficracer-1.apk	All_Apk
5453	com.supercell.hayday-1.apk	All_Apk
5454	com.supersolid.adventuretown-1.apk	All_Apk
5455	com.tabtale.babyhouse-1.apk	All_Apk
5456	com.tabtale.princessspasalon-1.apk	All_Apk
5457	com.teamlava.restaurantstory31-1.apk	All_Apk
5458	com.thunderbull_entertainment.ultimateracer-1.apk	All_Apk
5459	com.timekiller.arrowcraft-1.apk	All_Apk
5460	com.tinidream.bingovegas-1.apk	All_Apk
5461	com.tongwei.lightning-1.apk	All_Apk
5462	com.trimanstudio.JetFlightSimulator3d-1.apk	All_Apk
5463	com.wb.goog.injustice-1.apk	All_Apk
5464	com.webprancer.google.garfieldcookiedozer-1.apk	All_Apk
5465	com.wizardgames.bg3dGO-1.apk	All_Apk
5466	com.wooga.jelly_splash-1.apk	All_Apk
5467	com.wordsmobile.nfl-1.apk	All_Apk
5468	com.xs.findobject-1.apk	All_Apk
5469	jp.gree.dragonrealms-1.apk	All_Apk
5470	ppl.unity.JuiceCubesBeta-1.apk	All_Apk
5471	sts.bc-1.apk	All_Apk
5474	com.P3D.PixlgunPro-1.apk	All_Apk
5475	com.and.games505.TerrariaPaid-1.apk	All_Apk
5478	com.popcap.pvz291-1.apk	All_Apk
5479	com.popcap.pvz2cthd91-1.apk	All_Apk
5480	air.com.ghost.test.game.dj-1.apk	All_Apk
5481	cn.com.fetion-1.apk	All_Apk
5482	cn.com.guanying-1.apk	All_Apk
5483	cn.jj.lordhl-1.apk	All_Apk
5484	cn.mobage.g12000119-1.apk	All_Apk
5485	cn.opda.a.phonoalbumshoushou-1.apk	All_Apk
5486	com.alibaba.android.babylon-1.apk	All_Apk
5487	com.android.JagsewPuzzle-1.apk	All_Apk
5488	com.android.game.cashout-1.apk	All_Apk
5489	com.android.jsinputmethod-1.apk	All_Apk
5490	com.autonavi.cmccmap-1.apk	All_Apk
5491	com.baidu.easyroot-1.apk	All_Apk
5492	com.baidu.iknow-1.apk	All_Apk
5493	com.baidu.wenku-1.apk	All_Apk
5494	com.barriers.wallpaper-1.apk	All_Apk
5495	com.bengigi.noogranuts-1.apk	All_Apk
5496	com.bohaoo.doudizhu-1.apk	All_Apk
5497	com.boyaa.lordland.sina-1.apk	All_Apk
5498	com.breadtrip-1.apk	All_Apk
5499	com.cafecar.android-1.apk	All_Apk
5500	com.cleanmaster.mguard_cn-1.apk	All_Apk
5501	com.cnshon.CallerReporter-1.apk	All_Apk
5502	com.cnvcs.junqi-1.apk	All_Apk
5503	com.cocos2dx.kuangsaojiangshi-1.apk	All_Apk
5504	com.com2us.minigameparadise.normal.freefull.mm.cn.android.common-1.apk	All_Apk
5505	com.design.wallpaper-1.apk	All_Apk
5506	com.dft.hb.app-1.apk	All_Apk
5507	com.digitalcloud.dragonforce.zh-1.apk	All_Apk
5508	com.disney.chukong.WMW-1.apk	All_Apk
5509	com.dns.umpay-1.apk	All_Apk
5510	com.dp.android.elong-1.apk	All_Apk
5511	com.duotin.fm-1.apk	All_Apk
5512	com.eyugame.ahxy.fgwan-1.apk	All_Apk
5513	com.game.colycola.popstar-1.apk	All_Apk
5514	com.gameloft.android.GAND.GloftAsp6.asphalt6-1.apk	All_Apk
5515	com.gamex.limited-1.apk	All_Apk
5516	com.im82.famoushero.a023-1.apk	All_Apk
5517	com.inertiasoftware.darkmoorpaid-1.apk	All_Apk
5518	com.jm.android.jumei-1.apk	All_Apk
5519	com.joygames.chinamj-1.apk	All_Apk
5520	com.king2.mf-1.apk	All_Apk
5521	com.kingsoft-1.apk	All_Apk
5522	com.lanyou.dxy.fl-1.apk	All_Apk
5523	com.letv.android.client-1.apk	All_Apk
5524	com.luobo.sprite-1.apk	All_Apk
5525	com.mistake.knowing-1.apk	All_Apk
5526	com.mmpay.happylordqc-1.apk	All_Apk
5527	com.moxiu.launcher-1.apk	All_Apk
5528	com.mybo.tetris-1.apk	All_Apk
5529	com.nbrix.baobob-1.apk	All_Apk
5530	com.netease.newsreader.activity-1.apk	All_Apk
5531	com.nexon.kartriderrush.android.olleh-1.apk	All_Apk
5532	com.nuomi-1.apk	All_Apk
5533	com.platform.classiclordxy-1.apk	All_Apk
5534	com.pokercity.lobby-1.apk	All_Apk
5535	com.qigame.lock-1.apk	All_Apk
5536	com.qihoo360.launcher-1.apk	All_Apk
5537	com.qihoo360.mobilesafe.opti.powerctl-1.apk	All_Apk
5538	com.qx.mobile.kof.nduo-1.apk	All_Apk
5539	com.rainman.cuttherope-1.apk	All_Apk
5540	com.resucegirl91-1.apk	All_Apk
5541	com.roboo.explorer-1.apk	All_Apk
5542	com.sg.sledog-1.apk	All_Apk
5543	com.shoujiduoduo.ringtone-1.apk	All_Apk
5544	com.sohu.auto.sohuauto-1.apk	All_Apk
5545	com.sxiaoao.car3dOnline.xakjtg-1.apk	All_Apk
5546	com.tadu.android-1.apk	All_Apk
5547	com.teamtopgame.sgmj.ab-1.apk	All_Apk
5548	com.televehicle.android.yuexingzhe2-1.apk	All_Apk
5549	com.tencent.mobileqqi-1.apk	All_Apk
5550	com.tianshenzhuan.tsz-1.apk	All_Apk
5551	com.tudou.android-1.apk	All_Apk
5552	com.ubisoft.assassin.pirates-1.apk	All_Apk
5553	com.uqee.lying.maingamexinji-1.apk	All_Apk
5554	com.uucun.nhks-1.apk	All_Apk
5555	com.yinhan.hunter.n91d-1.apk	All_Apk
5556	com.zen.ttddzhu.p91-1.apk	All_Apk
5557	com.zhangdan.app-1.apk	All_Apk
5558	com.zjhdj.cmge-1.apk	All_Apk
5559	com.zmplay.InterstellarChariots3D91xx-1.apk	All_Apk
5560	excel.sgs-1.apk	All_Apk
5561	game91xx.com-1.apk	All_Apk
5562	gdzw491xx.en-1.apk	All_Apk
5563	ly.pp.justpiano-1.apk	All_Apk
5564	org.newblkdc.cad-1.apk	All_Apk
5565	org.tinghood.TpsForMobile-1.apk	All_Apk
5566	se.illusionlabs.labyrinth.full-1.apk	All_Apk
5567	wealk.android.jbaoshi3-1.apk	All_Apk
5568	wind.android-1.apk	All_Apk
5569	yct.glsldumeng-1.apk	All_Apk
5570	com.inxile.Choplifter_HD-1.apk	All_Apk
5571	com.skybound.TWDA-1.apk	All_Apk
5572	com.vlambeer.RidiculousFishing-1.apk	All_Apk
5574	air.Anodyne.mobile-1.apk	All_Apk
5575	com.harebrainedschemes.shadowrun-1.apk	All_Apk
5576	com.namcobandaigames.soulcaliburgp-1.apk	All_Apk
5577	air.com.freshplanet.games.MoviePopPlus-1.apk	All_Apk
5578	com.elevenbitstudios.anomaly2game-1.apk	All_Apk
5579	com.gun.bnc-1.apk	All_Apk
5580	com.jumpgames.pacificrim-1.apk	All_Apk
5581	com.jundroo.simplerockets-1.apk	All_Apk
5582	com.noodlecake.randomheroes-1.apk	All_Apk
5583	com.snkplaymore.android001-1.apk	All_Apk
5584	com.teamspeak.ts3client-1.apk	All_Apk
5585	com.ubisoft.rabbids.bigbang.ggp-1.apk	All_Apk
5586	com.yawsum.ScoopExcavator-1.apk	All_Apk
5587	air.com.northwaygames.Incredipede-1.apk	All_Apk
5588	com.activision.skylanders.cloudpatrol-1.apk	All_Apk
5589	com.magmic.skipbo-1.apk	All_Apk
5590	com.playfirst.playground.hoteldashdeluxe-1.apk	All_Apk
5591	com.turner.ghosttoasters-1.apk	All_Apk
5592	com.playfirst.playground.weddingdashdeluxe-1.apk	All_Apk
5593	com.tencent.pvz-1.apk	All_Apk
5594	com.tencent.game.SSGame-1.apk	All_Apk
5595	air.com.bigfishgames.fairwaysolitaire2.google.full-1.apk	All_Apk
5596	com.bbc.swysdrwho-1.apk	All_Apk
5597	com.beancreative.superwhy.android-1.apk	All_Apk
5598	com.bulkypix.typerider-1.apk	All_Apk
5599	com.mtvn.tmntrooftoprun-1.apk	All_Apk
5600	com.skobbler.forevermapng-1.apk	All_Apk
5601	com.thrusterapps.aobaseball-1.apk	All_Apk
5602	ppl.unity.lostcubesdx-1.apk	All_Apk
5603	com.gamed9.sword.zhwtw-1.apk	All_Apk
5605	com.sega.sonicdash-1.apk	All_Apk
5606	com.rovio.angrybirdsstarwarsii.ads-1.apk	All_Apk
5607	com.selfawaregames.acecasino-1.apk	All_Apk
5608	com.sergiobarbara.nightvision.camera-1.apk	All_Apk
5609	com.whaleshark.retailmenot-1.apk	All_Apk
5610	icomania.logoquiz.a4pics1word.b4pics1song.colormania.sudoku-1.apk	All_Apk
5611	jp.gree.jackpot-1.apk	All_Apk
5612	jp.gree.jband-1.apk	All_Apk
5614	com.orange.es.orangetv-1.apk	All_Apk
6166	com.tencent.kittypong-1.apk	All_Apk
6148	com.fitbit.FitbitMobile-1.apk	All_Apk
5654	air.com.mobigrow.canyouescape2-1.apk	All_Apk
5653	air.com.disney.hiddendisney.goo-1.apk	All_Apk
5820	com.mosjoy.ad-1.apk	All_Apk
5743	com.app.xjiajia-1.apk	All_Apk
6114	com.xuanying.xuanying3dyuchi-1.apk	All_Apk
5617	net.fishlabs.GalaxyonFire2-1.apk	All_Apk
5625	com.teamlava.petshop33-1.apk	All_Apk
5626	com.kiloo.subwaysurf.full-1.apk	All_Apk
5627	com.oupeng.browser-1.apk	All_Apk
5628	com.tblin.HandsetGuardant-1.apk	All_Apk
5629	com.bianfeng.swear-1.apk	All_Apk
5630	com.funtomic.chicken_boy-1.apk	All_Apk
5631	com.gamex.habit-1.apk	All_Apk
5632	com.mandi.carskong-1.apk	All_Apk
5633	com.mangopub.roadrushracing-1.apk	All_Apk
5635	com.playstudios.myvegas-1.apk	All_Apk
5636	com.scopely.slotsvacation-1.apk	All_Apk
5637	com.tobiapps.android_100fl-1.apk	All_Apk
5639	com.yellowpages.android.ypmobile-1.apk	All_Apk
5640	com.zynga.castlevillelegends-1.apk	All_Apk
5642	it.junglestudios.cookieclickers-1.apk	All_Apk
5644	com.audiocn.radio-1.apk	All_Apk
5645	com.nd.android.pandareader-1.apk	All_Apk
5646	com.maple.ticket.dinogame-1.apk	All_Apk
5647	cn.mobage.g13000279-1.apk	All_Apk
5648	com.square_enix.android_googleplay.FFVI-1.apk	All_Apk
5649	com.evy.guessword-1.apk	All_Apk
5652	com.tencent.nmrq-1.apk	All_Apk
5655	air.com.sinetimes.redwar.newEn.pro-1.apk	All_Apk
5656	com.aceviral.atvdistance-1.apk	All_Apk
5657	com.animoca.google.beautyIdol-1.apk	All_Apk
5658	com.bestsolitaire.solitaire-1.apk	All_Apk
5659	com.blood.zombies2-1.apk	All_Apk
5660	com.cb.police3d-1.apk	All_Apk
5661	com.cleanmaster.security-1.apk	All_Apk
5662	com.degoo.android.footnail-1.apk	All_Apk
5663	com.degoo.android.phy-1.apk	All_Apk
5664	com.disney.frozensaga_goo-1.apk	All_Apk
5665	com.fdgentertainment.bananakong-1.apk	All_Apk
5666	com.fingersoft.failhard-1.apk	All_Apk
5667	com.freezenova.crazygame-1.apk	All_Apk
5668	com.freshgames.escapethetitanic-1.apk	All_Apk
5669	com.g6677.android.christmasspa-1.apk	All_Apk
5670	com.g6677.android.cspa-1.apk	All_Apk
5671	com.g6677.android.eyemakeup-1.apk	All_Apk
5672	com.g6677.android.eyesalon-1.apk	All_Apk
5673	com.g6677.android.ltdoctor-1.apk	All_Apk
5674	com.glu.robocop-1.apk	All_Apk
5675	com.hapogames.BubbleFarm-1.apk	All_Apk
5676	com.hasbro.hasbroarcade-1.apk	All_Apk
5677	com.king.farmheroessaga-1.apk	All_Apk
5678	com.kongregate.mobile.run.google-1.apk	All_Apk
5679	com.leagem.zombieescape-1.apk	All_Apk
5680	com.ovilex.trucksimulator3d-1.apk	All_Apk
5681	com.pixelberrystudios.hssandroid-1.apk	All_Apk
5682	com.playrix.township-1.apk	All_Apk
5683	com.playstation.ratchetnexus-1.apk	All_Apk
5684	com.sixupplus.BikeRallyFree-1.apk	All_Apk
5685	com.slotsromance.slots.android-1.apk	All_Apk
5686	com.sq.dragonsworld-1.apk	All_Apk
5687	com.tabtale.cutepony-1.apk	All_Apk
5688	com.teamlava.bakerystory32-1.apk	All_Apk
5689	com.teamlava.jewel-1.apk	All_Apk
5690	com.tmsoft.compulsive-1.apk	All_Apk
5691	com.trinitigame.android.callofminiinfinity-1.apk	All_Apk
5692	com.tuokio.smashtheoffice-1.apk	All_Apk
5693	com.wordsmobile.golfchampionship-1.apk	All_Apk
5694	sg.gumi.bravefrontier-1.apk	All_Apk
5695	com.nerdyoctopus.gamedots-1.apk	All_Apk
5696	com.carrot.iceworld-1.apk	All_Apk
5697	com.tudou.xoom.android-1.apk	All_Apk
5698	air.nn.MTM4MzAxNDM3NzIzMw.Hero22-1.apk	All_Apk
5699	air.nn.MTM4MzAxNDM3NzIzMw.NeedAHero11-1.apk	All_Apk
5700	com.bbssxx.dxcen-1.apk	All_Apk
5701	com.cat.bubble-1.apk	All_Apk
5702	com.crackedcarrot.zhiquhuluobo-1.apk	All_Apk
5703	com.credentek.learnalphabateshindi-1.apk	All_Apk
5704	com.example.haidaoruq-1.apk	All_Apk
5705	com.fklbl.xiaodi-1.apk	All_Apk
5706	com.gameloft.android.ANMP.GloftDMCN-1.apk	All_Apk
5707	com.gignosystem.umaibou_free-1.apk	All_Apk
5708	com.huayun.Blade-1.apk	All_Apk
5709	com.izhangxin.xmmj.android.wan91-1.apk	All_Apk
5710	com.joym.xiongdakuaipao91-1.apk	All_Apk
5711	com.kunpo.baba91-1.apk	All_Apk
5712	com.tdxxgw.tuzi-1.apk	All_Apk
5713	com.zwenyu.car22-1.apk	All_Apk
5714	air.com.aenetworks.duckred.google-1.apk	All_Apk
5715	com.bitbybitstudios.fiz-1.apk	All_Apk
5716	com.blueshadowgames.naught2-1.apk	All_Apk
5717	com.nickdubber.mine-1.apk	All_Apk
5718	com.starcommand.scgame-1.apk	All_Apk
5719	com.trueaxis.trueskate-1.apk	All_Apk
5720	com.turner.atskisafari-1.apk	All_Apk
5721	com.unitygames.archangel-1.apk	All_Apk
5722	com.yucai.escape.tow-1.apk	All_Apk
5723	com.bpiotor.fingerprint-1.apk	All_Apk
5724	com.baidu.searchbox-1.apk	All_Apk
5725	com.NamcoNetworks.MsPacMan-1.apk	All_Apk
5726	com.graveck.stratapremium-1.apk	All_Apk
5727	net.gree.android.pf.greeapp57563a-1.apk	All_Apk
5854	com.apphappygames.redbouncingballspikes-1.apk	All_Apk
5729	com.cdsqin.link-1.apk	All_Apk
5730	com.sureone-1.apk	All_Apk
5731	com.xdwxc.fzhen-1.apk	All_Apk
5733	com.klinker.android.twitter-1.apk	All_Apk
5732	com.amdroid.pedo.gas.flatulencia-1.apk	All_Apk
5734	com.oasisfeng.greenify.pro-1.apk	All_Apk
5735	com.runtastic.android.pro2-1.apk	All_Apk
5736	com.alinaduva.fingerprint.scanner-1.apk	All_Apk
5737	com.dianxinos.optimizer.duplay-1.apk	All_Apk
5738	com.mobogenie.markets-1.apk	All_Apk
5739	com.softwego.crackscreen-1.apk	All_Apk
5741	com.kuxun.scliang.plane-1.apk	All_Apk
5742	com.qq.ac.android-1.apk	All_Apk
5745	air.com.dpflashes.clearvision3-1.apk	All_Apk
5746	com.i3d.designthishome-1.apk	All_Apk
5747	itembox.crayfish.x-1.apk	All_Apk
5748	com.blingstorm.szty.fishhunter-1.apk	All_Apk
5749	com.dworks.riddlesamazongp-1.apk	All_Apk
5750	com.fs.wimpultimate-1.apk	All_Apk
5751	com.g6677.android.skin-1.apk	All_Apk
5752	com.gameimax.naildoctor-1.apk	All_Apk
5753	com.lego.city.my_city-1.apk	All_Apk
5754	com.lego.ninjago.rebooted-1.apk	All_Apk
5755	com.randomlogicgames.guessthe80s-1.apk	All_Apk
5756	com.teamlava.bakerystory34-1.apk	All_Apk
5757	com.teamlava.fashionstory33-1.apk	All_Apk
5758	air.com.perfectworld.ek-1.apk	All_Apk
5759	air.e2applets.ironpants-1.apk	All_Apk
5760	com.and.games505.Terraria-1.apk	All_Apk
5761	com.animoca.google.starGirlValentine-1.apk	All_Apk
5762	com.coolfish.snipershooting-1.apk	All_Apk
5763	com.deelowdesigns.splashythefish-1.apk	All_Apk
5764	com.djinnworks.StickmanDownhillMotocross-1.apk	All_Apk
5765	com.ea.game.dungeonkeeper_na-1.apk	All_Apk
5766	com.flaregames.gameofknights-1.apk	All_Apk
5767	com.g6677.android.pmmakeup-1.apk	All_Apk
5768	com.glu.stuntracing-1.apk	All_Apk
5769	com.gsn.android.tripeaks-1.apk	All_Apk
5770	com.hiddenvariable.tictactics-1.apk	All_Apk
5771	com.komargames.taptofly-1.apk	All_Apk
5772	com.mpisoft.doors2.beta-1.apk	All_Apk
5773	com.mt.falloutbird-1.apk	All_Apk
5774	com.nbc.sochi-1.apk	All_Apk
5775	com.noodlecake.smallfry-1.apk	All_Apk
5776	com.oogame.pikachu-1.apk	All_Apk
5777	com.randomlogicgames.guessthe90s-1.apk	All_Apk
5778	com.randomlogicgames.guessthemillennium-1.apk	All_Apk
5779	com.retrodreamer.FlappyPoo.android.free-1.apk	All_Apk
5780	com.seriouscorp.clumsybird-1.apk	All_Apk
5781	com.slots.ageofpharaohs-1.apk	All_Apk
5782	com.tabtale.babypaint-1.apk	All_Apk
5783	com.teamlava.restaurantstory33-1.apk	All_Apk
5784	com.topnewfree.coinrush-1.apk	All_Apk
5785	com.turbochilli.unrollme-1.apk	All_Apk
5786	net.lazybeez.flappypig-1.apk	All_Apk
5787	pro.cloudteam.fishnoi-1.apk	All_Apk
5788	air.com.aboilgame.dreamteamandroid.a014-1.apk	All_Apk
5789	air.com.uuzu.mjhapk.gwan-1.apk	All_Apk
5790	cgj.cocos2dxgame.plane-1.apk	All_Apk
5791	cn.kk.xyj.p8849g06-1.apk	All_Apk
5792	cn.mobage.g12000113-1.apk	All_Apk
5793	cn.wps.moffice-1.apk	All_Apk
5794	com.aiyou.mczxn-1.apk	All_Apk
5795	com.aiyou.mhsj-1.apk	All_Apk
5796	com.akazam.android.wlandialer-1.apk	All_Apk
5797	com.asiainfo.android-1.apk	All_Apk
5798	com.cgj.llkbaoshi-1.apk	All_Apk
5799	com.chartcross.gpstest-1.apk	All_Apk
5800	com.chinacit.WulinCT-1.apk	All_Apk
5801	com.com2us.escapetheape.normal.freefull.cmccgh.cn.android.common-1.apk	All_Apk
5802	com.cooliris.media-1.apk	All_Apk
5803	com.czy.guandeng-1.apk	All_Apk
5804	com.fenbi.android.gaokao-1.apk	All_Apk
5805	com.funcity.taxi.passenger-1.apk	All_Apk
5806	com.gamed9.lol.appchina-1.apk	All_Apk
5807	com.gameloft.android.ANMP.GloftA8CN-1.apk	All_Apk
5808	com.geekbeach.deathracer-1.apk	All_Apk
5809	com.haowan123.fanxian.eefn-1.apk	All_Apk
5810	com.hotspot.android.lottery-1.apk	All_Apk
5811	com.huawei.android.pushagent-1.apk	All_Apk
5812	com.igosao.android-1.apk	All_Apk
5813	com.imangi.templerun2.paid-1.apk	All_Apk
5814	com.infinit.wostore.ui-1.apk	All_Apk
5815	com.kuyue.zxqitian4-1.apk	All_Apk
5816	com.kuyue.zxqitian6-1.apk	All_Apk
5817	com.longjiang.cymjsg-1.apk	All_Apk
5818	com.mobi.livewallpaper.xiaoxidong6-1.apk	All_Apk
5819	com.mobi.livewallpaper.yxh3-1.apk	All_Apk
5821	com.nduoa.nmarket-1.apk	All_Apk
5822	com.netease.apper-1.apk	All_Apk
5823	com.pfu.candy-1.apk	All_Apk
5824	com.popcap.pvz2cthdwdj-1.apk	All_Apk
5825	com.popcap.pvz2cthdyyh-1.apk	All_Apk
5826	com.qihoo.video-1.apk	All_Apk
5827	com.qihoo360.mobilesafe_mtk6573-1.apk	All_Apk
5828	com.sec.android.app.samsungapps-1.apk	All_Apk
5829	com.sina.weibog3-1.apk	All_Apk
5830	com.skygame3.sh_freedom_android-1.apk	All_Apk
5831	com.smnz.wallpaper-1.apk	All_Apk
5832	com.smy.xiaoq6-1.apk	All_Apk
5833	com.syezon.wifi-1.apk	All_Apk
5834	com.turborilla.MadSkillsMotocross2-1.apk	All_Apk
5835	com.unison.miguring-1.apk	All_Apk
5836	com.warhegem_8849-1.apk	All_Apk
5837	com.xmedia.chickenrun-1.apk	All_Apk
5838	com.youai.saint.platform.yingyonghui-1.apk	All_Apk
5839	com.youku.tv-1.apk	All_Apk
5840	com.youxiduo.jiaowomj88491-1.apk	All_Apk
5841	com.yysh.lsyxz.eefnls-1.apk	All_Apk
5842	j2ab.android.appstar-1.apk	All_Apk
5843	kalloc.android.Top2-1.apk	All_Apk
5844	lf.live.wallpaper-1.apk	All_Apk
5845	net.imgku.android.sexy1-1.apk	All_Apk
5846	net.qihoo.launcher.theme.ptaiqingshu-1.apk	All_Apk
5847	org.cocos2dx.yijianmietian_tuyoo-1.apk	All_Apk
5848	power.fhxy.wifi-1.apk	All_Apk
5849	power.ios.wifi-1.apk	All_Apk
5850	tv.huohua.android.ocher-1.apk	All_Apk
5851	uavana.gmaps-1.apk	All_Apk
5920	com.gameloft.android.ANMP.GloftR6HP-1.apk	All_Apk
5852	com.qqgame.happymj-1.apk	All_Apk
5853	com.tencent.feiji-1.apk	All_Apk
5855	com.sega.sonic.transformed-1.apk	All_Apk
5856	amerisoft.iphone.lock.screen-1.apk	All_Apk
5857	com.mavenhut.solitaire-1.apk	All_Apk
5858	com.outfit7.jigtyfree-1.apk	All_Apk
5859	com.perblue.greedforglory.fd-1.apk	All_Apk
5860	com.pixelmindgames.shapeit.play-1.apk	All_Apk
5861	air.com.doodie.wybandroid-1.apk	All_Apk
5862	net.inxile.tiq-1.apk	All_Apk
5863	com.astragon.cs2014-1.apk	All_Apk
5864	com.roonto.horror_paid-1.apk	All_Apk
5865	com.sigames.fmh2014-1.apk	All_Apk
5866	com.flashman.sochi14paid-1.apk	All_Apk
5867	com.bowengames.farmingusa-1.apk	All_Apk
5868	com.disney.monstersincrun_goo-1.apk	All_Apk
5869	com.joybits.doodlekingdom-1.apk	All_Apk
5870	com.dejobaangames.awesome-1.apk	All_Apk
5871	air.com.pandazone.littleredhood-1.apk	All_Apk
5872	com.GigaBitGames.Ultra4OffroadRacing-1.apk	All_Apk
5873	com.hyperspaceyard.cell-1.apk	All_Apk
5874	com.limbic.towermadness2-1.apk	All_Apk
5875	com.tangram3D.WinterSportsFull-1.apk	All_Apk
5876	com.disney.docmcstuffinscheckup_goo-1.apk	All_Apk
5877	com.halfbrick.colossatron-1.apk	All_Apk
5878	com.marvel.runjumpsmash_goo-1.apk	All_Apk
5879	com.squareenix.dxm-1.apk	All_Apk
5880	com.batman.flashlight-1.apk	All_Apk
6142	com.adobe.psmobile-1.apk	All_Apk
5881	com.beatsmusic.android.client-1.apk	All_Apk
5882	com.ahzs.sy4399-1.apk	All_Apk
5883	com.ludashi.benchmark-1.apk	All_Apk
5884	com.bithack.principia-1.apk	All_Apk
5885	com.bonfiremedia.dots2-1.apk	All_Apk
5886	com.ganjoybus.rslots-1.apk	All_Apk
5888	com.phunkneuro.lieDetector-1.apk	All_Apk
5889	com.quoord.tapatalkHD-1.apk	All_Apk
5890	com.teslacoilsw.launcher-1.apk	All_Apk
5891	it.junglestudios.splashyfish-1.apk	All_Apk
5892	com.rovio.angrybirdsstarwarsii.premium-1.apk	All_Apk
5893	com.FireproofStudios.TheRoom2-1.apk	All_Apk
5894	com.digiskygames.superjugglingballs-1.apk	All_Apk
5895	tomahawk.software.games.candypop.free-1.apk	All_Apk
5896	com.runsome.candyswipe-1.apk	All_Apk
5898	com.bigeyes0x0.trickstermod.premium-1.apk	All_Apk
5899	com.gau.go.launcherex.key-1.apk	All_Apk
5900	com.giantssoftware.fs14-1.apk	All_Apk
5901	com.scannerradio_pro-1.apk	All_Apk
5902	com.sega.sonic2-1.apk	All_Apk
5903	kov.theme.lumos-1.apk	All_Apk
5905	com.ubisoft.rayman.fiestarun-1.apk	All_Apk
5906	com.rao.flyfish.huntfish-1.apk	All_Apk
5910	com.sgn.pandapop.gp-1.apk	All_Apk
5911	com.ea.games.nfs13_ro_lower-1.apk	All_Apk
5912	com.ironhidegames.android.kingdomrushfrontiers-1.apk	All_Apk
5914	th.in.siamgame.ggplay.sklrth-1.apk	All_Apk
5915	com.soco.veggies2_baidu-1.apk	All_Apk
5917	org.zooper.zwpro-1.apk	All_Apk
5918	cn.mozilla.firefox-1.apk	All_Apk
5919	com.rockstargames.gtasa-1.apk	All_Apk
5923	com.bytepronto.abelhasestressadas.full-1.apk	All_Apk
5924	com.espn.droid.bracket_bound-1.apk	All_Apk
5925	com.glu.flc2-1.apk	All_Apk
5926	com.creativemobile.roadsmash-1.apk	All_Apk
5927	air.com.generamobile.slotmagodeoz-1.apk	All_Apk
5928	com.gameloft.android.ANMP.GloftA8HM-1.apk	All_Apk
5929	com.foxnews.android-1.apk	All_Apk
5930	com.pandoomobile.MagicMania-1.apk	All_Apk
5931	com.pixel.gun3d-1.apk	All_Apk
5932	com.linecorp.LGCOOKIE-1.apk	All_Apk
5933	com.worldcraft.mine-1.apk	All_Apk
5934	com.tp.android.handdoctor-1.apk	All_Apk
5935	com.velan.android.picstitchcollage-1.apk	All_Apk
5937	air.com.GreenChiliGames.FlappyWingsHD-1.apk	All_Apk
5938	air.com.tedven.youmustescape-1.apk	All_Apk
5939	com.FDGEntertainment.CoverOrange2.gp-1.apk	All_Apk
5940	com.alawar.montezumablitz-1.apk	All_Apk
5941	com.ammonite.blockops2Free-1.apk	All_Apk
5942	com.amuzo.herofactory.invasionfrombelow-1.apk	All_Apk
5943	com.budgestudios.StrawberryShortcakePuppyPalace-1.apk	All_Apk
5944	com.classicarcades.stevesworld-1.apk	All_Apk
5945	com.crazystudio.emoji.kitkat-1.apk	All_Apk
5946	com.cryptic.mountain.motor.city-1.apk	All_Apk
5947	com.cryptic.mountain.mt-1.apk	All_Apk
5948	com.episodeinteractive.android.catalog-1.apk	All_Apk
5949	com.flaregames.craftedevil-1.apk	All_Apk
5950	com.freshgames.upictwo-1.apk	All_Apk
5951	com.fungamesmobile.escape-1.apk	All_Apk
5952	com.g6677.android.fbird-1.apk	All_Apk
5953	com.lego.duplo.trains-1.apk	All_Apk
5954	com.magicyang.doodle-1.apk	All_Apk
5955	com.mediocre.smashhit-1.apk	All_Apk
5956	com.plarium.playslots-1.apk	All_Apk
5957	com.solver.worldofcubes-1.apk	All_Apk
5958	com.sperminator.game-1.apk	All_Apk
5959	com.square_enix.android_googleplay.deadmanscrossww-1.apk	All_Apk
5960	com.tabtale.babyfoodfair-1.apk	All_Apk
5961	com.teamlava.fashionstory34-1.apk	All_Apk
5962	com.teamlava.restaurantstory34-1.apk	All_Apk
5963	com.tencent.clover-1.apk	All_Apk
5964	com.turbochilli.hoppyfrog-1.apk	All_Apk
5965	davidgarcia.app.flyingdrizzy-1.apk	All_Apk
5966	it.redbitgames.jumpyjack-1.apk	All_Apk
5967	net.mobilecraft.basketballkings-1.apk	All_Apk
5968	air.com.funtactix.hgapp-1.apk	All_Apk
5969	com.D9.hero.zqgame.en.andriodgpnew-1.apk	All_Apk
5970	com.freshgames.duck-1.apk	All_Apk
5971	com.funplus.familyfarm-1.apk	All_Apk
5973	com.rsm.catchcandies-1.apk	All_Apk
5976	com.zoon.dumbpatrol-1.apk	All_Apk
5978	air.com.aboilgame.dreamteamhotnba.a017-1.apk	All_Apk
5979	air.com.ifree.mfjs.cardCHS-1.apk	All_Apk
5980	biaoche.xiangcun.carracer-1.apk	All_Apk
5981	cc.thedream.qinsmoon.yyh-1.apk	All_Apk
5982	ch.smalltech.ledflashlight.pro-1.apk	All_Apk
5983	cn.com.kuting.activity-1.apk	All_Apk
5984	cn.kk.xyj.p37wan02-1.apk	All_Apk
5985	cn.kk.xyj.p8849g09-1.apk	All_Apk
5986	cn.ninegame.gameb-1.apk	All_Apk
5987	com.aspire.mm-1.apk	All_Apk
5988	com.bytetech1-1.apk	All_Apk
5989	com.caolvchong3.mtFightLand-1.apk	All_Apk
5990	com.chinamobile.cmccwifi-1.apk	All_Apk
5991	com.ct.client-1.apk	All_Apk
5992	com.daywin.secret-1.apk	All_Apk
5993	com.dshine.mtFightLand-1.apk	All_Apk
5994	com.eoemobile.netmarket-1.apk	All_Apk
5995	com.haoduolingsheng.RingMore-1.apk	All_Apk
5996	com.haomee.kandongman-1.apk	All_Apk
5997	com.hummingbird.zhaoqin.ma-1.apk	All_Apk
5998	com.kuyue.paojiao-1.apk	All_Apk
5999	com.kuyue.zxqitian5-1.apk	All_Apk
6000	com.lasun.mobile.client.activity-1.apk	All_Apk
6001	com.mobi.livewallpaper.sdj-1.apk	All_Apk
6002	com.sangdh-1.apk	All_Apk
6003	com.seacow.rxkd.sy8849-1.apk	All_Apk
6004	com.sec.spp.push-1.apk	All_Apk
6005	com.snda.wifilocating-1.apk	All_Apk
6006	com.tx.cy.xiatu-1.apk	All_Apk
6007	com.uuwldh-1.apk	All_Apk
6008	com.ux-1.apk	All_Apk
6009	com.yinhan.hunter.wandoujia-1.apk	All_Apk
6010	org.cocos2dx.shujianol-1.apk	All_Apk
6014	com.google.android.apps.cloudprint-1.apk	All_Apk
6015	com.google.android.play.games-1.apk	All_Apk
6019	com.qihoo.security-1.apk	All_Apk
6020	com.symantec.mobilesecurity-1.apk	All_Apk
6022	com.mtvn.sbmigoogleplay-1.apk	All_Apk
6023	com.turner.cardwars-1.apk	All_Apk
6024	air.com.flipline.papasfreezeriatogo-1.apk	All_Apk
6025	com.dotemu.ddtrilogy-1.apk	All_Apk
6026	com.dotemu.rtype2-1.apk	All_Apk
6027	com.miclos.google.games.outthere-1.apk	All_Apk
6028	com.psidevelopment.pacificfleet-1.apk	All_Apk
6029	com.square_enix.android_googleplay.FFV_GP-1.apk	All_Apk
6030	com.thomasbowker.lynerelease-1.apk	All_Apk
6031	com.tribeplay.pandarestaurant2-1.apk	All_Apk
6032	com.wb.headsup-1.apk	All_Apk
6033	mobi.bestfreegames.bike.mayhem.extreme.mountain.racing-1.apk	All_Apk
6035	air.com.buffalo_studios.bingorush2-1.apk	All_Apk
6034	air.com.ukeypad.grooveshark-1.apk	All_Apk
6036	air.com.jogatina.mahjong-1.apk	All_Apk
6037	air.com.mobigrow.canyouescapetower-1.apk	All_Apk
6038	cn.partygame.revengebird-1.apk	All_Apk
6039	com.activision.cabelas.biggamehunter-1.apk	All_Apk
6040	com.degoo.android.pdoctor-1.apk	All_Apk
6041	com.estoty.game2048-1.apk	All_Apk
6042	com.feelingtouch.sniperzombie-1.apk	All_Apk
6043	com.flaregames.rrtournament-1.apk	All_Apk
6044	com.igg.bzbee.bingobyigg-1.apk	All_Apk
6045	com.igg.clashoflords2-1.apk	All_Apk
6046	com.kitkatandroid.keyboard-1.apk	All_Apk
6047	com.lego.duplo.food-1.apk	All_Apk
6048	com.noodlecake.anothercasesolved-1.apk	All_Apk
6050	com.outfit7.trifs.grooveracer-1.apk	All_Apk
6051	com.playmous.godoflight-1.apk	All_Apk
6052	com.prgames.livepoker-1.apk	All_Apk
6053	com.sagego.panda.run-1.apk	All_Apk
6054	com.tabtale.babyprofessions-1.apk	All_Apk
6056	com.teamlava.petshop35-1.apk	All_Apk
6057	com.therisgames.fs2014.free-1.apk	All_Apk
6058	com.tp.android.legspa-1.apk	All_Apk
6059	com.vg.SchoolBusExtended-1.apk	All_Apk
6060	com.wegoi.brickfree-1.apk	All_Apk
6061	com.kvadgroup.photostudio_pro-1.apk	All_Apk
6062	com.noodlecake.mikeyshorts-1.apk	All_Apk
6063	com.gamed9.sword.zhwthree-1.apk	All_Apk
6064	com.amazon.windowshop-1.apk	All_Apk
6071	com.quizup.core-1.apk	All_Apk
6074	com.Ugamehome.StillandWarHD-1.apk	All_Apk
6075	com.advancedtinylab.thunderracing-1.apk	All_Apk
6076	com.ariyalion.whitetile-1.apk	All_Apk
6077	com.bdddd.floppy3d-1.apk	All_Apk
6078	com.cg.tennis-1.apk	All_Apk
6079	com.doubleugames.DoubleUCasino-1.apk	All_Apk
6080	com.gameoo.goon-1.apk	All_Apk
6081	com.gameoo.tappy-1.apk	All_Apk
6082	com.integer3d.thunderstockcars-1.apk	All_Apk
6083	com.lucasarts.starwarsccg_goo-1.apk	All_Apk
6085	com.microsoft.office.officehub-1.apk	All_Apk
6086	com.mindstormstudios.warinc.google-1.apk	All_Apk
6087	com.slotsfairytale.slots.android-1.apk	All_Apk
6088	com.spx.ing004.google-1.apk	All_Apk
6089	com.supersonic.tgrts-1.apk	All_Apk
6091	com.teamlava.dragon35-1.apk	All_Apk
6092	com.tp.android.footd-1.apk	All_Apk
6093	jp.gree.android.pf.greeapp58078a-1.apk	All_Apk
6222	air.com.elextech.appchina-1.apk	All_Apk
6094	com.dinosaurhunter.survivalgame-1.apk	All_Apk
6095	com.gameloft.android.ANMP.GloftCPHM-1.apk	All_Apk
6096	com.iugome.day-1.apk	All_Apk
6097	com.june.guessthemovie-1.apk	All_Apk
6098	com.randomlogicgames.guesstheemoji-1.apk	All_Apk
6099	com.umonistudio.tile-1.apk	All_Apk
6100	air.timuzsolutions.quwbtowingtruck-1.apk	All_Apk
6101	com.baili.sanguo.self-1.apk	All_Apk
6102	com.bizsocialnet-1.apk	All_Apk
6103	com.cjwifi-1.apk	All_Apk
6104	com.clou.sns.android.anywhered-1.apk	All_Apk
6105	com.ifreetalk.ftalk-1.apk	All_Apk
6106	com.ihandysoft.ledflashlight.mini-1.apk	All_Apk
6107	com.lxsj.baibianlock-1.apk	All_Apk
6108	com.newgs.zh-1.apk	All_Apk
6109	com.ninefang.djtx.yxd.djfmlol-1.apk	All_Apk
6110	com.phone360-1.apk	All_Apk
6111	com.pickwifi-1.apk	All_Apk
6112	com.pip.mzcity.partner.p8849-1.apk	All_Apk
6113	com.qike.game.crazytalk-1.apk	All_Apk
6115	com.zhengqianer.zq-1.apk	All_Apk
6116	org.androidworks.livewallpaperlotus-1.apk	All_Apk
6118	com.football.game2-1.apk	All_Apk
6119	com.yinhan.hunter.dk-1.apk	All_Apk
6120	com.brand.activity-1.apk	All_Apk
6122	com.mydream.wifi-1.apk	All_Apk
6124	cn.mobage.g12000118-1.apk	All_Apk
6125	com.brianbaek.popstar-1.apk	All_Apk
6126	com.m95e.vm-1.apk	All_Apk
6127	com.mfp.frozen.playgame.disney.wdj-1.apk	All_Apk
6128	com.moogame.xianbian.umi-1.apk	All_Apk
6129	com.pip.mzcity.partner.p88493-1.apk	All_Apk
6130	com.poeho.kgame-1.apk	All_Apk
6131	com.rayboot.hanzitingxie-1.apk	All_Apk
6132	com.sohu.focus.apartment-1.apk	All_Apk
6133	com.starfield.game.android.football-1.apk	All_Apk
6134	com.starfield.game.xianmozhi-1.apk	All_Apk
6135	com.youai.dreamonepiece.platform.sy4399-1.apk	All_Apk
6136	fenghuang.mm.tank2pj-1.apk	All_Apk
6137	liyujiang.QQThemeUpdate-1.apk	All_Apk
6138	org.fungo.fungolive-1.apk	All_Apk
6139	com.leidianliji.feiianjumilei-1.apk	All_Apk
6140	com.noodlecake.mikeyhooks-1.apk	All_Apk
6141	com.revolutionaryconcepts.gesfree-1.apk	All_Apk
6143	com.avg.cleaner-1.apk	All_Apk
6144	com.badoo.mobile-1.apk	All_Apk
6145	com.bg.wowslots-1.apk	All_Apk
6146	com.cleanmaster.security.heartbleed-1.apk	All_Apk
6147	com.dev99games.crazybartender-1.apk	All_Apk
6149	com.google.android.apps.chromecast.app-1.apk	All_Apk
6150	com.hotornot.app-1.apk	All_Apk
6151	com.period.tracker.lite-1.apk	All_Apk
6152	com.tinyco.familyguy-1.apk	All_Apk
6153	com.tophatter-1.apk	All_Apk
6154	com.yahoo.mobile.client.android.weather-1.apk	All_Apk
6155	com.ezjoynetwork.gardenmania2-1.apk	All_Apk
6156	com.marvelous.runbot-1.apk	All_Apk
6157	com.redantz.game.zombie-1.apk	All_Apk
6158	com.tabtale.babyoutdoors-1.apk	All_Apk
6159	mig.app.freerun-1.apk	All_Apk
6160	quess.song.music.pop.quiz-1.apk	All_Apk
6164	com.cpuid.cpu_z-1.apk	All_Apk
6165	com.miui.miuilite-1.apk	All_Apk
6167	com.tencent.ttx5-1.apk	All_Apk
6184	air.com.ludia.tpirbingo-1.apk	All_Apk
6171	com.creativemobile.nno-1.apk	All_Apk
6173	com.fuhu.nabiWeather-1.apk	All_Apk
6186	com.neowizinternet.game.technikaq_g_a-1.apk	All_Apk
6174	tw.com.smartfun.funpark-1.apk	All_Apk
6176	com.com2us.acefishing.normal.freefull.google.global.android.common-1.apk	All_Apk
6177	com.and.games505.battleislands-1.apk	All_Apk
6178	vo.threes.exclaim-1.apk	All_Apk
6180	com.KnowledgeAdventure.SchoolOfDragons-1.apk	All_Apk
6183	com.popcap.pvzthird-1.apk	All_Apk
6187	com.duellogames.TripTrap_Android-1.apk	All_Apk
6189	com.lenovo.pleiades.activity-1.apk	All_Apk
6190	air.com.idlegaming.slots-1.apk	All_Apk
6193	com.akpublish.Gunspell-1.apk	All_Apk
6194	com.bolong.super2048-1.apk	All_Apk
6195	com.degoo.android.xdoctor-1.apk	All_Apk
6196	com.devexpert.weather-1.apk	All_Apk
6197	com.gameoo.tappy2-1.apk	All_Apk
6198	com.musicapp.android-1.apk	All_Apk
6199	com.roguerocketgames.m3s-1.apk	All_Apk
6200	info.androidz.horoscope-1.apk	All_Apk
6206	com.vg.AmbulanceParkingExtended-1.apk	All_Apk
6210	edu.berkeley.boinc-1.apk	All_Apk
6211	com.tencent.Mtown-1.apk	All_Apk
6212	com.frederator.catbug-1.apk	All_Apk
6213	com.swiftapps.goat.rampage-1.apk	All_Apk
6214	com.vinylab.radiohammer1-1.apk	All_Apk
6215	com.playmous.godoflightHD-1.apk	All_Apk
6216	com.firerabbit.android.game.customcar.full-1.apk	All_Apk
6217	com.navfree.android.OSM.ALL-1.apk	All_Apk
6218	com.the3d4medical.EssentialAnatomy-1.apk	All_Apk
6219	com.beamdog.baldursgateenhancededition-1.apk	All_Apk
6220	com.pixelsontoast.impossibleroad-1.apk	All_Apk
6221	com.t2ksports.nba2k14google-1.apk	All_Apk
6223	air.com.ifree.ykh.cardCHS-1.apk	All_Apk
6277	com.koushikdutta.cast.license-1.apk	All_Apk
6224	com.tencent.qmdgs-1.apk	All_Apk
6225	com.movile.playkids-1.apk	All_Apk
6227	air.com.sgn.cookiejam.gp-1.apk	All_Apk
6228	com.ScnStudios.PoliceCarDriver3D-1.apk	All_Apk
6229	com.SpaceInch.DiscoBees-1.apk	All_Apk
6232	com.naturalmotion.csrclassics-1.apk	All_Apk
6710	com.lygame.pianotiles-1.apk	All_Apk
6709	com.lx.HeroesOfAtlan-1.apk	All_Apk
6708	com.limbic.ac130zero-1.apk	All_Apk
6707	com.lilwayneslots.slots.android-1.apk	All_Apk
6237	com.tabtale.shaveit-1.apk	All_Apk
6706	com.libiitech.fashionsalon-1.apk	All_Apk
6276	com.robtopx.geometryjump-1.apk	All_Apk
6240	com.ldw.virtualvillagers-1.apk	All_Apk
6241	com.freshgames.cubis-1.apk	All_Apk
6705	com.kabam.newcnhoc-1.apk	All_Apk
6243	jp.gree.warofnationsbeta-1.apk	All_Apk
6249	com.wb.goog.starwars.microfighters-1.apk	All_Apk
6250	com.zynga.FarmVille2CountryEscape-1.apk	All_Apk
6251	com.robinson.slotsoz-1.apk	All_Apk
6252	com.naturalmotion.clumsyninja-1.apk	All_Apk
6295	com.feelingtouch.dipan.slggameglobal-1.apk	All_Apk
6296	com.fourcall-1.apk	All_Apk
6289	com.arcadesreloaded.mikesworld2-1.apk	All_Apk
6290	com.babeltime.fknsango_yingyonghui-1.apk	All_Apk
6291	com.baihe-1.apk	All_Apk
6292	com.bluefir.Granny-1.apk	All_Apk
6293	com.coco.entertainment.immortalracer.wdj-1.apk	All_Apk
6261	com.robotinvader.knightmare2-1.apk	All_Apk
6298	com.happyelements.AndroidAnimal.wdj-1.apk	All_Apk
6299	com.igg.minitoss_en-1.apk	All_Apk
6686	com.fivestargames.slots-1.apk	All_Apk
6268	com.zeptolab.ctr2.f2p.google-1.apk	All_Apk
6704	com.july.univision-1.apk	All_Apk
6272	com.djinnworks.StickmanImpossibleRun-1.apk	All_Apk
6294	com.eshore.ezone-1.apk	All_Apk
6677	com.bigfatgorillastudios.minebot-1.apk	All_Apk
6288	com.alibaba.adi.collie-1.apk	All_Apk
6278	com.acmeaom.android.myradar-1.apk	All_Apk
6279	com.freaxator.game100balls-1.apk	All_Apk
6280	com.gamestar.perfectpiano-1.apk	All_Apk
6282	com.disney.maleficent_goo-1.apk	All_Apk
6283	com.gamevil.elements-1.apk	All_Apk
6287	com.intsig.lic.camscanner-1.apk	All_Apk
6303	com.julian.motorboat-1.apk	All_Apk
6304	com.junerking.number-1.apk	All_Apk
6305	com.kuyue.shenhai-1.apk	All_Apk
6306	com.lokinfo.android.gamemarket.mmshow-1.apk	All_Apk
6307	com.lt.kjzspay-1.apk	All_Apk
6308	com.mas.wawagame.Kuwajjlord-1.apk	All_Apk
6309	com.nickdubber.carcraft-1.apk	All_Apk
6310	com.ppgames.songguess-1.apk	All_Apk
6311	com.qihoo360.mobilesafe.strongbox-1.apk	All_Apk
6312	com.supersolid.pororo-1.apk	All_Apk
6313	com.swiftapps.goat.rampage.free-1.apk	All_Apk
6314	com.tabtale.fairyspasaloon-1.apk	All_Apk
6315	com.tencent.qqlite-1.apk	All_Apk
6316	com.tencent.weishi-1.apk	All_Apk
6317	com.theonegames.gunshipbattle-1.apk	All_Apk
6318	com.ting.mp3.android-1.apk	All_Apk
6319	com.tp.android.legspa2-1.apk	All_Apk
6320	com.tujia.hotel-1.apk	All_Apk
6321	com.turner.mixels-1.apk	All_Apk
6322	com.vectorunit.redcmgeplaycn-1.apk	All_Apk
6323	com.venticake.retrica-1.apk	All_Apk
6324	com.wengu-1.apk	All_Apk
6325	com.yinhan.hunter.gedou-1.apk	All_Apk
6326	com.yinhan.hunter.qihoo-1.apk	All_Apk
6327	com.youyuan.yyhl-1.apk	All_Apk
6328	com.zynga.riches-1.apk	All_Apk
6329	ecard.android.cp.ui-1.apk	All_Apk
6330	org.candylegend-1.apk	All_Apk
6331	org.funship.findsomething.QQ-1.apk	All_Apk
6332	org.madgame.ccb-1.apk	All_Apk
6333	sina.mobile.tianqitong-1.apk	All_Apk
6334	com.tencent.castleclash-1.apk	All_Apk
6335	com.tencent.game.VXDGame-1.apk	All_Apk
6336	air.com.zyncstudio.ChickenWingsCooking-1.apk	All_Apk
6338	bn.ereader-1.apk	All_Apk
6339	com.BubbleTeam.JewelsCrush-1.apk	All_Apk
6340	com.CarXTech.CarXDriftRacing-1.apk	All_Apk
6341	com.ImaginationUnlimited.instaframe-1.apk	All_Apk
6342	com.ScnStudios.MotorBikeRealSimulator3D-1.apk	All_Apk
6344	com.amazon.ember.android-1.apk	All_Apk
6345	com.ammonite.spacecraftfree-1.apk	All_Apk
6346	com.andrwq.recorder-1.apk	All_Apk
6350	com.calfordcn.gu-1.apk	All_Apk
6351	com.callapp.contacts-1.apk	All_Apk
6352	com.chaozh.iReaderFree15-1.apk	All_Apk
6354	com.contextlogic.wish-1.apk	All_Apk
6356	com.domobile.applock-1.apk	All_Apk
6360	com.emugamesdb.app-1.apk	All_Apk
6361	com.etermax.preguntados.lite-1.apk	All_Apk
6362	com.etsy.android-1.apk	All_Apk
6363	com.fdgentertainment.paperama-1.apk	All_Apk
6367	com.g6677.android.dspa-1.apk	All_Apk
6368	com.gameforfun.jewels-1.apk	All_Apk
6370	com.gamelion.aiw-1.apk	All_Apk
6371	com.gameloft.android.ANMP.GloftJDHM-1.apk	All_Apk
6372	com.gameloft.android.ANMP.GloftRAHM-1.apk	All_Apk
6375	com.google.android.keep-1.apk	All_Apk
6377	com.greenmango.game.bubbleshooter-1.apk	All_Apk
6378	com.groupme.android-1.apk	All_Apk
6379	com.handmark.expressweather-1.apk	All_Apk
6380	com.healthagen.iTriage-1.apk	All_Apk
6381	com.icestone.Emoji-1.apk	All_Apk
6383	com.igg.pokerdeluxe-1.apk	All_Apk
6385	com.ijinshan.duba-1.apk	All_Apk
6386	com.indeed.android.jobsearch-1.apk	All_Apk
6387	com.jb.gokeyboard.plugin.emoji-1.apk	All_Apk
6388	com.jsdev.instasize-1.apk	All_Apk
6389	com.kongregate.mobile.tinydicedungeon.google-1.apk	All_Apk
6390	com.lego.technic.race-1.apk	All_Apk
6391	com.libiitech.princesssalon2-1.apk	All_Apk
6393	com.lotwork.unofficialwikiforminecraft2014-1.apk	All_Apk
6394	com.magmamobile.game.Words-1.apk	All_Apk
6395	com.mapquest.android.ace-1.apk	All_Apk
6396	com.mobilityware.freecell-1.apk	All_Apk
6397	com.mobilityware.spider-1.apk	All_Apk
6398	com.move.realtor-1.apk	All_Apk
6399	com.nimblebit.discozoo-1.apk	All_Apk
6400	com.noapostroph3s.getfollowers.instagram-1.apk	All_Apk
6402	com.outlook.Z7-1.apk	All_Apk
6403	com.pinger.textfree.call-1.apk	All_Apk
6404	com.playtika.caesarscasino-1.apk	All_Apk
6405	com.progrestar.bft-1.apk	All_Apk
6406	com.purplekiwii.mb-1.apk	All_Apk
6407	com.quelaba.sopaletras-1.apk	All_Apk
6408	com.quickoffice.android-1.apk	All_Apk
6409	com.rebeltwins.daddywasathief-1.apk	All_Apk
6410	com.robtopx.geometryjumplite-1.apk	All_Apk
6411	com.rogue.smash3-1.apk	All_Apk
6412	com.sankuai.movie-1.apk	All_Apk
6413	com.scoompa.collagemaker-1.apk	All_Apk
6414	com.sec.android.easyMover-1.apk	All_Apk
6417	com.smule.autorap-1.apk	All_Apk
6418	com.softwego.liedetector-1.apk	All_Apk
6421	com.teamlava.candy-1.apk	All_Apk
6423	com.timehop-1.apk	All_Apk
6424	com.timuzsolutions.runrun3d-1.apk	All_Apk
6425	com.tinder-1.apk	All_Apk
6426	com.tipytapy.plastic.surgery-1.apk	All_Apk
6429	com.urbandroid.sleep.full.key-1.apk	All_Apk
6433	com.wasabimobile.candysmasher-1.apk	All_Apk
6434	com.xiaoenai.app-1.apk	All_Apk
6436	com.zentertain.photoeditor-1.apk	All_Apk
6437	com.zeptolab.timetravel.free.google-1.apk	All_Apk
6438	com.zqgame.SG.en.androidgp-1.apk	All_Apk
6439	cz.aponia.bor3-1.apk	All_Apk
6440	fm.jihua.kecheng-1.apk	All_Apk
6442	jp.colopl.nyankous-1.apk	All_Apk
6443	kr.core.technology.wifi.hotspot-1.apk	All_Apk
6445	me.scan.android.client-1.apk	All_Apk
6446	mikado.bizcalpro-1.apk	All_Apk
6447	mp3player.mp3cutter.ringtonemaker-1.apk	All_Apk
6448	net.SandStormEarl.MC-1.apk	All_Apk
6449	net.mobigame.zombietsunami-1.apk	All_Apk
6451	pri.enegonapps.juegosdecocinar_001-1.apk	All_Apk
6452	sh.lilith.dgame.wdj-1.apk	All_Apk
6454	wp.wattpad-1.apk	All_Apk
6559	net.ReferyGames.LCBQ-1.apk	All_Apk
6459	air.HardTime-1.apk	All_Apk
6460	air.WRCareer-1.apk	All_Apk
6461	air.com.akshdalal3.CriminalMurder-1.apk	All_Apk
6462	air.com.arpamedia.princessspasalonfrozen-1.apk	All_Apk
6463	air.com.mgamey.princessatspasalon-1.apk	All_Apk
6464	air.com.toystudio.casinotower-1.apk	All_Apk
6465	air.com.ubisoft.csi.HiddenCrimes-1.apk	All_Apk
6468	com.BlueOxTech.RedHerring-1.apk	All_Apk
6469	com.DriftX.BunboGames-1.apk	All_Apk
6470	com.JankStudio.Mixtapes-1.apk	All_Apk
6471	com.SpaceInch.LoveOfMoney-1.apk	All_Apk
6472	com.andromo.dev10265.app294245-1.apk	All_Apk
6473	com.apparatusapps.airplanesminecraft-1.apk	All_Apk
6474	com.babygames.whitetile-1.apk	All_Apk
6475	com.bleacherreport.android.teamstream-1.apk	All_Apk
6476	com.casinogame.slots-1.apk	All_Apk
6478	com.chillingo.ironforce.android.ajagplay-1.apk	All_Apk
6479	com.cleanmaster.security.cryptolockercleaner-1.apk	All_Apk
6480	com.d3p.mpq-1.apk	All_Apk
6482	com.degoo.android.ambulance-1.apk	All_Apk
6484	com.djinnworks.StickmanBasketball-1.apk	All_Apk
6485	com.easygame.marblelegend-1.apk	All_Apk
6487	com.fireswing.makeitrain-1.apk	All_Apk
6488	com.frostwire.android-1.apk	All_Apk
6490	com.gameinsight.cloudraiders-1.apk	All_Apk
6492	com.gamelion.cats-1.apk	All_Apk
6494	com.gamevil.mlbpi.ad.google.ww-1.apk	All_Apk
6495	com.gg.pi-1.apk	All_Apk
6496	com.ggee.vividruntime.gg_1635-1.apk	All_Apk
6497	com.google.android.apps.docs.editors.docs-1.apk	All_Apk
6498	com.google.android.apps.docs.editors.sheets-1.apk	All_Apk
6499	com.highhappygame.floppysmashup-1.apk	All_Apk
6503	com.kayak.android-1.apk	All_Apk
6504	com.kittyplay.ex-1.apk	All_Apk
6505	com.lezhi.PromSalon-1.apk	All_Apk
6506	com.lineres.blackjack-1.apk	All_Apk
6507	com.maaxfuntime.pocketrailroad-1.apk	All_Apk
6508	com.machinezone.gow-1.apk	All_Apk
6510	com.microsoft.skydrive-1.apk	All_Apk
6511	com.mobage.ww.a.HellInvaders_Android-1.apk	All_Apk
6512	com.mobage.ww.a1439.Bingo_PartyLand_Android-1.apk	All_Apk
6517	com.opentable-1.apk	All_Apk
6518	com.ovilex.schooldriving3d-1.apk	All_Apk
6519	com.per.perfemjkdnecraftbuilding-1.apk	All_Apk
6522	com.pt.wshhp-1.apk	All_Apk
6523	com.repostwhiz-1.apk	All_Apk
6525	com.smash.zombie-1.apk	All_Apk
6526	com.smule.singandroid-1.apk	All_Apk
6527	com.snkplaymore.android003-1.apk	All_Apk
6528	com.socialnmobile.hd.flashlight-1.apk	All_Apk
6529	com.southwestairlines.mobile-1.apk	All_Apk
6530	com.spaceconnectshower.loss-1.apk	All_Apk
6531	com.spacegame.forestmania-1.apk	All_Apk
6532	com.spacegame.happyforest-1.apk	All_Apk
6533	com.spring.bird.game2048plus-1.apk	All_Apk
6535	com.tabtale.mechanictrucknew-1.apk	All_Apk
6536	com.tabtale.monstershaveit-1.apk	All_Apk
6537	com.tabtale.penguinfiasco-1.apk	All_Apk
6538	com.talkatone.android-1.apk	All_Apk
6539	com.target.socsav-1.apk	All_Apk
6540	com.target.ui-1.apk	All_Apk
6541	com.teamlava.bakerystory36-1.apk	All_Apk
6543	com.theappsgames.ggg2-1.apk	All_Apk
6544	com.timuzsolutions.freeball3d-1.apk	All_Apk
6545	com.tripadvisor.tripadvisor-1.apk	All_Apk
6546	com.trulia.android.rentals-1.apk	All_Apk
6547	com.turner.globlins-1.apk	All_Apk
6548	com.twelvegigs.heaven.bingo-1.apk	All_Apk
6549	com.unityconceptapps.tcr.kiat-1.apk	All_Apk
6550	com.usaa.mobile.android.usaa-1.apk	All_Apk
6551	com.vg.LimoParkingExtended-1.apk	All_Apk
6552	com.wb.goog.godzilla.strikezone-1.apk	All_Apk
6554	com.xor.fotos-1.apk	All_Apk
6556	com.yum.pizzahut-1.apk	All_Apk
6557	com.zgz.supervideo-1.apk	All_Apk
6560	net.caffeinelab.pbb-1.apk	All_Apk
6561	net.playq.charmking-1.apk	All_Apk
6562	newleafapps.games.yeet2-1.apk	All_Apk
6563	pri.enegonapps.juegosdevestir_002-1.apk	All_Apk
6564	thecouponsapp.coupon-1.apk	All_Apk
6565	uoff.game.jungle.monkey.saga-1.apk	All_Apk
6567	com.headupgames.bridgeconstructormedieval-1.apk	All_Apk
6703	com.iugome.dawn-1.apk	All_Apk
6701	com.ijinshan.kbatterydoctor_en-1.apk	All_Apk
6684	com.ember.stainz-1.apk	All_Apk
6702	com.infinitypocket.FHR2-1.apk	All_Apk
6688	com.fungame.bask-1.apk	All_Apk
6571	com.zqsky.game.candybumper-1.apk	All_Apk
6572	com.spotify.music-1.apk	All_Apk
6574	air.com.tedven.worldescape-1.apk	All_Apk
6575	appinventor.ai_todoprogramar.HappyWheelsPRO-1.apk	All_Apk
6576	com.adi.remote.phone-1.apk	All_Apk
6577	com.askfm-1.apk	All_Apk
6579	com.bittorrent.client-1.apk	All_Apk
6584	com.flufflydelusions.app.enotesclassiclite-1.apk	All_Apk
6585	com.flyclops.domino.android-1.apk	All_Apk
6586	com.foxyapp.racingGamesBikeFree-1.apk	All_Apk
6588	com.joeware.android.gpulumera-1.apk	All_Apk
6590	com.krazymobile.emojismartkeyboard-1.apk	All_Apk
6591	com.kristanix.android.mahjongsolitaireepic-1.apk	All_Apk
6593	com.mobistar.dontttwhite-1.apk	All_Apk
6594	com.papajohns.android-1.apk	All_Apk
6597	com.popularapp.periodcalendar-1.apk	All_Apk
6601	com.witty.hair.doctor-1.apk	All_Apk
6602	media.music.musicplayer-1.apk	All_Apk
6603	net.SandStormEarl.WCHD-1.apk	All_Apk
6604	usa.gree.pacman-1.apk	All_Apk
6606	br.com.tapps.myboo-1.apk	All_Apk
6607	com.apparsonsgames.trainsminecraft-1.apk	All_Apk
6608	com.appheaven.slender.man.game.free-1.apk	All_Apk
6609	com.delta.mobile.android-1.apk	All_Apk
6610	com.digitalchemy.calculator.freedecimal-1.apk	All_Apk
6611	com.firsttouchgames.dlsa-1.apk	All_Apk
6613	com.google.android.apps.adm-1.apk	All_Apk
6615	com.handcent.plugin.emoji-1.apk	All_Apk
6617	com.jnj.mocospace.android-1.apk	All_Apk
6618	com.kroger.mobile-1.apk	All_Apk
6619	com.linecorp.LGRGS-1.apk	All_Apk
6620	com.okcupid.okcupid-1.apk	All_Apk
6621	com.priceline.android.negotiator-1.apk	All_Apk
6622	com.progimax.airhorn.free-1.apk	All_Apk
6624	com.studio3wg.police_vs_thief-1.apk	All_Apk
6625	com.tappple.followersplus-1.apk	All_Apk
6628	com.warnerbros.game300ROE-1.apk	All_Apk
6630	com.escape.feixiang-1.apk	All_Apk
6632	com.skt.skaf.OA00026910-1.apk	All_Apk
6699	com.hooktv.hook-1.apk	All_Apk
6700	com.i6.FlightSimulatorAirplane3D-1.apk	All_Apk
6697	com.gree.bfherorun-1.apk	All_Apk
6696	com.ggpsgames.creativekiller-1.apk	All_Apk
6692	com.gameloft.android.ANMP.GloftKIHM-1.apk	All_Apk
6690	com.game.slot-1.apk	All_Apk
6689	com.fungms.snipershooter-1.apk	All_Apk
7733	com.TycoonMania-1.apk	All_Apk
6683	com.djinnworks.StickmanSoccer2014-1.apk	All_Apk
6682	com.crowdstar.covetfashion-1.apk	All_Apk
6679	com.com2us.smon.normal.freefull.google.kr.android.common-1.apk	All_Apk
6676	com.artifexmundi.enigmatis2.gp.free-1.apk	All_Apk
6675	com.apptornado.word-1.apk	All_Apk
6674	com.appstudio.play.footballworldcup.free-1.apk	All_Apk
6672	com.Manse.PropHunt-1.apk	All_Apk
6670	air.zw.dungeons.of.evilibrium-1.apk	All_Apk
6669	air.org.axisentertainment.BabyHazelNewbornBaby-1.apk	All_Apk
6668	air.com.gamesys.luckygemcasino-1.apk	All_Apk
6693	com.games.extrem.car.driving-1.apk	All_Apk
6667	air.au.com.minimega.bonza-1.apk	All_Apk
6681	com.creatorfactory.donttaponwhite3d-1.apk	All_Apk
6680	com.craneballs.OverkillMafia-1.apk	All_Apk
6698	com.herocraft.game.wonderwood-1.apk	All_Apk
6695	com.geekbeach.spacegame-1.apk	All_Apk
6671	com.AliveGames.DontTapTheWhiteTile3D-1.apk	All_Apk
6673	com.PepsiCoConsumer.BajaOrBust-1.apk	All_Apk
6678	com.ciegames.RacingRivals-1.apk	All_Apk
6691	com.gamebasics.osm-1.apk	All_Apk
6694	com.gamevil.partyslots.global-1.apk	All_Apk
6685	com.ezjoy.feelingtouch.zombiediary2-1.apk	All_Apk
6687	com.foosegames.pepiskate3d-1.apk	All_Apk
6719	com.noodlecake.zrttrials-1.apk	All_Apk
6720	com.obamaslots.slots.android-1.apk	All_Apk
6717	com.niasoft.alchemyclassicedu-1.apk	All_Apk
6718	com.noodlecake.ssgflap-1.apk	All_Apk
6714	com.mobeam.beepngo-1.apk	All_Apk
6716	com.mtygw.puzzle.offroad-1.apk	All_Apk
6712	com.midasplayer.apps.bubblewitchsaga2-1.apk	All_Apk
6711	com.maoxiaoyu.driveintheline-1.apk	All_Apk
6713	com.miniclip.cartownstreets-1.apk	All_Apk
6715	com.motorbike.driving.simulator-1.apk	All_Apk
6747	com.zynga.hititrich-1.apk	All_Apk
6754	xray.ruocco-1.apk	All_Apk
6721	com.onefootball.brasil-1.apk	All_Apk
6722	com.peachfuzzsoftware.hundredballs-1.apk	All_Apk
6723	com.psegames.crazykilling-1.apk	All_Apk
6724	com.rappgames.spiderman-1.apk	All_Apk
6725	com.replay.LeisureSuitLarry-1.apk	All_Apk
6726	com.shortbreakstudios.collider-1.apk	All_Apk
6727	com.sibgame.linesclassic-1.apk	All_Apk
6728	com.spx.ing004.google.s0-1.apk	All_Apk
6729	com.stripsliproom.ill-1.apk	All_Apk
6730	com.tabtale.burgertruck-1.apk	All_Apk
6731	com.tapinator.boeing.cargoplane-1.apk	All_Apk
6732	com.teamlava.dragon36-1.apk	All_Apk
6733	com.teamlava.fashionstory37-1.apk	All_Apk
6734	com.tongwei.blockbreaker-1.apk	All_Apk
6735	com.tp.android.bspa-1.apk	All_Apk
6736	com.tp.android.flud-1.apk	All_Apk
6737	com.tp.android.haird-1.apk	All_Apk
6738	com.ubisoft.redlynx.trialsfrontier.ggp-1.apk	All_Apk
6739	com.ubisoft.watchdogs.ctos-1.apk	All_Apk
6740	com.voicechanger.free-1.apk	All_Apk
6741	com.wb.goog.edgeoftomorrow.ldr-1.apk	All_Apk
6742	com.williamsinteractive.goldfish-1.apk	All_Apk
6743	com.wolfpackdev.flashlight-1.apk	All_Apk
6744	com.x3m.aow3-1.apk	All_Apk
6745	com.xyrality.lordsofblood.googleplay-1.apk	All_Apk
6746	com.yaoyuanclick.InLine-1.apk	All_Apk
6748	de.lotumapps.vibes-1.apk	All_Apk
6749	dk.houseonfire.android.thesilentage-1.apk	All_Apk
6750	gts.pirateage.full.en.all.google-1.apk	All_Apk
6751	minecraft.mojang.craft-1.apk	All_Apk
6752	ru.empireappsandgames.simulatorlaser-1.apk	All_Apk
6753	sts.ab-1.apk	All_Apk
6755	kr.co.tictocplus-1.apk	All_Apk
6756	air.com.bitrhymes.slotsbash.android-1.apk	All_Apk
6762	com.PrankRiot-1.apk	All_Apk
6763	com.aitype.android-1.apk	All_Apk
6764	com.aitype.android.emoji-1.apk	All_Apk
6765	com.ayopagames.robotsloveicecream-1.apk	All_Apk
6766	com.betterkeyboards.iphone.ios7-1.apk	All_Apk
6768	com.cis.oth-1.apk	All_Apk
6769	com.crescentmoongames.blocky_roads-1.apk	All_Apk
6772	com.dle.respawnables-1.apk	All_Apk
6776	com.ea.game.dragonage_na-1.apk	All_Apk
6777	com.emoji.Smart.Keyboard-1.apk	All_Apk
6778	com.expedia.bookings-1.apk	All_Apk
6781	com.fifa.fifaapp.android-1.apk	All_Apk
6782	com.fitnesskeeper.runkeeper.pro-1.apk	All_Apk
6785	com.frogmind.badland-1.apk	All_Apk
6792	com.gipnetix.escapeaction-1.apk	All_Apk
6794	com.google.android.apps.authenticator2-1.apk	All_Apk
6802	com.kimberlydev.sudokugame-1.apk	All_Apk
6803	com.ksmobile.cb-1.apk	All_Apk
6806	com.lucktastic.scratch-1.apk	All_Apk
6810	com.match.android.matchmobile-1.apk	All_Apk
6812	com.nike.plusgps-1.apk	All_Apk
6814	com.outthinking.photocollagemaker-1.apk	All_Apk
6816	com.rockstargames.ifruit-1.apk	All_Apk
6817	com.rovio.gold-1.apk	All_Apk
6821	com.slotsromance.slots.android.free-1.apk	All_Apk
6822	com.sparklingsociety.cityisland2-1.apk	All_Apk
6831	com.wb.speedorz-1.apk	All_Apk
6834	com.yahoo.mobile.client.android.screen-1.apk	All_Apk
6842	pl.antit.guess.the.character.cartoon-1.apk	All_Apk
6845	com.foxyapp.hylands-1.apk	All_Apk
6846	air.com.sq.atlantis-1.apk	All_Apk
6242	com.wildtangent.polarbowleradventure-1.apk	All_Apk
6234	com.telltalegames.walkingdead100-1.apk	All_Apk
6235	com.lego.juniors.quest-1.apk	All_Apk
6238	com.slabs.worldcraft2-1.apk	All_Apk
6269	com.skippy.mountain.sniper.shooting-1.apk	All_Apk
6271	com.titan.fcard2014-1.apk	All_Apk
6849	com.chinamworld.main-1.apk	All_Apk
6851	air.com.cmstudio.weirdTrollfaceMatch-1.apk	All_Apk
6852	air.com.ifree.cardCHS-1.apk	All_Apk
6853	air.com.tencent.qqfarmios-1.apk	All_Apk
6854	cn.mama.activity-1.apk	All_Apk
6855	com.bjlxtech.race.chsz-1.apk	All_Apk
6856	com.duowan.lolbox-1.apk	All_Apk
6857	com.ejiuwu.qpbuyuwdj-1.apk	All_Apk
6858	com.gameloft.android.GAND.GloftSMIF-1.apk	All_Apk
6859	com.ganji.android-1.apk	All_Apk
6860	com.haowan123.fanxian.platform553-1.apk	All_Apk
6861	com.happyelements.AndroidAnimal.qq-1.apk	All_Apk
6862	com.huizheng.tcrl-1.apk	All_Apk
6863	com.june.game.doudizhu-1.apk	All_Apk
6864	com.meitu.meipaimv-1.apk	All_Apk
6865	com.meitu.meiyancamera-1.apk	All_Apk
6866	com.netease.cloudmusic-1.apk	All_Apk
6867	com.netease.game.fruitflow-1.apk	All_Apk
6868	com.netease.mobimail-1.apk	All_Apk
6869	com.netease.rz-1.apk	All_Apk
6870	com.netease.rz.wdj-1.apk	All_Apk
6871	com.netease.xym-1.apk	All_Apk
6872	com.noumena.android.cmgc.m1-1.apk	All_Apk
6873	com.quvideo.xiaoying-1.apk	All_Apk
6874	com.soco.veggies2_youyi-1.apk	All_Apk
6875	com.tencent.JWX-1.apk	All_Apk
6876	com.tencent.Q108-1.apk	All_Apk
6877	com.tencent.tmgp.zhanxian-1.apk	All_Apk
6878	com.tuyoo.doudizhu.main-1.apk	All_Apk
6879	com.wistone.war2victory-1.apk	All_Apk
6880	com.xcar.gcp-1.apk	All_Apk
6881	com.yinhan.hunter.ld-1.apk	All_Apk
6882	com.yinhan.hunter.tx-1.apk	All_Apk
6883	com.yodo1tier1.cmmm.SkiSafari-1.apk	All_Apk
6884	com.youyuan.yhb-1.apk	All_Apk
6885	im.yixin-1.apk	All_Apk
6886	info.zzcs.game.mslug2-1.apk	All_Apk
6887	org.bqjh.game_wyx-1.apk	All_Apk
6888	org.sbtools.gamehack-1.apk	All_Apk
6889	tv.huohua.android.peach.moviekb-1.apk	All_Apk
7741	com.teamlava.candy40-1.apk	All_Apk
7740	com.tamalaki.hogblackstonemysteries-1.apk	All_Apk
6895	com.tt2kgames.xcomeu-1.apk	All_Apk
6896	org.joseph.JosephHospitalAPP01-1.apk	All_Apk
6898	com.Semaphore.UnearthedEp1-1.apk	All_Apk
6899	com.SmartBomb.AJJump-1.apk	All_Apk
6900	com.ariyalion.darkroom-1.apk	All_Apk
6901	com.block.bb-1.apk	All_Apk
6902	com.bradygames.comusfivofda-1.apk	All_Apk
6903	com.fairplaymedia.macgyverdd-1.apk	All_Apk
6904	com.fastemulator.gbc-1.apk	All_Apk
6905	com.foursakenmedia.heroesandcastles-1.apk	All_Apk
6906	com.intellijoy.abc.trains-1.apk	All_Apk
6907	com.nitrome.icebreaker-1.apk	All_Apk
6908	com.radiangames.joyjoy-1.apk	All_Apk
6909	com.square_enix.android_googleplay.dq8-1.apk	All_Apk
6910	com.squareenixmontreal.hitmango-1.apk	All_Apk
6911	com.ustwo.monumentvalley-1.apk	All_Apk
6912	com.worms3.app-1.apk	All_Apk
6913	it.rortos.airfighterspro-1.apk	All_Apk
6914	com.piksoft.turboscan-1.apk	All_Apk
6915	com.turner.castledoombad-1.apk	All_Apk
6916	com.adriano.ferreirailk.stickmancreativedeath-1.apk	All_Apk
6919	com.playstation.petsapp-1.apk	All_Apk
6929	com.game.MarbleSaga2-1.apk	All_Apk
6930	com.gameloft.android.ANMP.GloftOKHM-1.apk	All_Apk
6927	com.ea.game.pgatourgolf15_row-1.apk	All_Apk
6924	com.creativemobile.snowboard_run-1.apk	All_Apk
6926	com.d3dx.stickmanmurder-1.apk	All_Apk
6925	com.crimsonpine.stayinline-1.apk	All_Apk
6922	com.aceviral.agr-1.apk	All_Apk
6923	com.adriano.ferreirailk.stickmandeath-1.apk	All_Apk
6921	air.com.tamalaki.rorysrestaurantfree-1.apk	All_Apk
6931	com.ggpsgames.muterworld-1.apk	All_Apk
6932	com.hlgames.SeoDark-1.apk	All_Apk
6933	com.julian.liuballs-1.apk	All_Apk
6934	com.konamobile.puzzlecap-1.apk	All_Apk
6935	com.lampe.torcher.flashlight-1.apk	All_Apk
6936	com.ludia.dragons-1.apk	All_Apk
6937	com.miniclip.soccerstars-1.apk	All_Apk
6939	com.mobinlife.citydom-1.apk	All_Apk
6940	com.myfphoenix.frogjump-1.apk	All_Apk
6941	com.normafosterdev.jewelsparadise-1.apk	All_Apk
6942	com.obakaka.swatshooting-1.apk	All_Apk
6943	com.pokerdragon.android-1.apk	All_Apk
6944	com.prgames.texasholdem.livepoker-1.apk	All_Apk
6945	com.shark.simulator.free-1.apk	All_Apk
6946	com.supercell.boombeach-1.apk	All_Apk
6947	com.tabtale.carebears-1.apk	All_Apk
6948	com.tap.white.tile-1.apk	All_Apk
6949	com.teamlava.fruitsplash-1.apk	All_Apk
6950	com.teamlava.petshop37-1.apk	All_Apk
6951	com.thunderbull_entertainment.deathfromspace-1.apk	All_Apk
6953	com.twelvegigs.heaven.vpoker-1.apk	All_Apk
6956	com.yplanapp-1.apk	All_Apk
6957	com.zynga.duckdynastyslots-1.apk	All_Apk
6958	es.socialpoint.MonsterLegends-1.apk	All_Apk
6959	uk.hebe3-1.apk	All_Apk
6960	air.com.rosettastone.mobile.CoursePlayer-1.apk	All_Apk
6961	com.RoboPro.FloppyBird-1.apk	All_Apk
6962	com.air.sandreas.stickmanclickdeath-1.apk	All_Apk
6967	com.cammaxapp.games.higuessthefood-1.apk	All_Apk
6968	com.cybermind.google.famecelebritystory-1.apk	All_Apk
6969	com.dhqsolutions.enjoyphoto-1.apk	All_Apk
6970	com.dino.simulator.free-1.apk	All_Apk
6972	com.djinnworks.WingsuitStickman.lite-1.apk	All_Apk
6973	com.espn.radio-1.apk	All_Apk
6975	com.feelingtouch.gnz.realistic-1.apk	All_Apk
6976	com.footballcraft.free.v1-1.apk	All_Apk
6977	com.gamelion.cleopatra-1.apk	All_Apk
6978	com.glu.deadroute-1.apk	All_Apk
6979	com.glu.stardomkim-1.apk	All_Apk
6980	com.gravgame.igfmla-1.apk	All_Apk
6981	com.greattools.brokenscreenprank-1.apk	All_Apk
6983	com.joeykrim.rootcheck-1.apk	All_Apk
6984	com.justyo-1.apk	All_Apk
6985	com.kyworks.buttonsandscissors.inapp-1.apk	All_Apk
6986	com.lezhi.WeddingSpaSalon-1.apk	All_Apk
6987	com.lumoslabs.lumosity-1.apk	All_Apk
6988	com.mapmywalk.android2-1.apk	All_Apk
6990	com.mobage.ww.a5225.tf2_Android-1.apk	All_Apk
6992	com.nextradioapp.nextradio-1.apk	All_Apk
6994	com.onetouchgame.TheLine-1.apk	All_Apk
6996	com.perblue.greedforglory.wc-1.apk	All_Apk
6997	com.pnixgames.bowlingking-1.apk	All_Apk
6998	com.pocketcraft.mine-1.apk	All_Apk
6999	com.promedia.fishingparadise-1.apk	All_Apk
7001	com.risingstar.android-1.apk	All_Apk
7002	com.san.guesstheemoji-1.apk	All_Apk
7003	com.scee.psxandroid-1.apk	All_Apk
7004	com.sensedevil.VTT-1.apk	All_Apk
7005	com.skimble.workouts-1.apk	All_Apk
7006	com.snagajob.jobseeker-1.apk	All_Apk
7007	com.teamlava.bakerystory37-1.apk	All_Apk
7008	com.teamlava.candy16-1.apk	All_Apk
7009	com.teamlava.restaurantstory37-1.apk	All_Apk
7010	com.tipytapy.face.hair.salon-1.apk	All_Apk
7011	com.tocaboca.tocakitchen-1.apk	All_Apk
7012	com.topfreegames.solitaire-1.apk	All_Apk
7013	com.tp.android.toilet-1.apk	All_Apk
7015	com.usbank.mobilebanking-1.apk	All_Apk
7016	com.valvesoftware.android.steam.community-1.apk	All_Apk
7017	com.vodigitalarts.rallyracerdrift-1.apk	All_Apk
7018	com.vovostudio.bankjob-1.apk	All_Apk
7019	com.vovostudio.stickdeath-1.apk	All_Apk
7020	com.whitepages.search-1.apk	All_Apk
7021	com.wjp.zombie-1.apk	All_Apk
7022	com.wolf.simulator.free-1.apk	All_Apk
7023	com.wonder-1.apk	All_Apk
7024	com.zentertain.photocollage-1.apk	All_Apk
7025	mp3songs.mp3player.mp3cutter.ringtonemaker-1.apk	All_Apk
7026	net.peakgames.mobile.goalgame.android-1.apk	All_Apk
7027	org.wikipedia-1.apk	All_Apk
7028	saga.game.jungle.monkey.saga-1.apk	All_Apk
7029	tool.scanner-1.apk	All_Apk
7243	com.confidencebelievelength.andgood-1.apk	All_Apk
7030	com.appgame7.candyfrenzy-1.apk	All_Apk
7031	com.degoo.android.beach-1.apk	All_Apk
7032	com.scary.friends-1.apk	All_Apk
7033	com.ume.carsimulator-1.apk	All_Apk
7034	com.uplayonline.strikersoccerbrasil-1.apk	All_Apk
7035	org.sopcast.football.soccer.android-1.apk	All_Apk
7036	com.smgstudio.otttd-1.apk	All_Apk
7037	com.taiwanmobile.myVideo-1.apk	All_Apk
7049	tl.android.mod-1.apk	All_Apk
7051	com.randomlogicgames.guesstheemojimovies-1.apk	All_Apk
7052	com.upgravity.guessthefood-1.apk	All_Apk
7053	com.bouffardgame.stickmanunderwaterdeath-1.apk	All_Apk
7054	com.numbthumb.nolimit-1.apk	All_Apk
7055	com.telltalegames.walkingdead200-1.apk	All_Apk
7056	com.kylinworks.oneb2f-1.apk	All_Apk
7057	mobi.browser.flashfox-1.apk	All_Apk
7117	com.imangi.templerunzh-1.apk	All_Apk
7114	com.baidu.video-1.apk	All_Apk
7112	cmccwm.mobilemusic-1.apk	All_Apk
7119	com.lingdong.client.android-1.apk	All_Apk
7115	com.corp21cn.mail189-1.apk	All_Apk
7116	com.funshion.video.mobile-1.apk	All_Apk
7118	com.jingdong.app.mall-1.apk	All_Apk
7113	com.androidesk-1.apk	All_Apk
7121	com.sinovatech.unicom.ui-1.apk	All_Apk
7127	org.funship.findsomething.withRK-1.apk	All_Apk
7122	com.ss.android.article.news-1.apk	All_Apk
7124	com.wuba-1.apk	All_Apk
7123	com.tencent.qqmusic-1.apk	All_Apk
7125	com.zdworks.android.zdclock-1.apk	All_Apk
7126	me.papa-1.apk	All_Apk
7120	com.shuqi.controller-1.apk	All_Apk
7058	com.cammaxapp.games.higuesstheemoji-1.apk	All_Apk
7059	com.djinnworkte.deathoffice-1.apk	All_Apk
7060	com.funnyminigame.fruitsagaflow9011-1.apk	All_Apk
7061	com.icogroup.apensar-1.apk	All_Apk
7062	com.motogames.supermoto-1.apk	All_Apk
7063	com.xcars.xspeed-1.apk	All_Apk
7064	com.boondogglestudios.sillywalks-1.apk	All_Apk
7066	com.wonder.vpnClient-1.apk	All_Apk
7067	com.Youweosoft.OneLevel-1.apk	All_Apk
7068	com.kantaris.playse-1.apk	All_Apk
7073	com.octoshape.axel.fuugo-1.apk	All_Apk
7074	com.anzogame.lol-1.apk	All_Apk
7076	com.abto.manicure-1.apk	All_Apk
7077	com.cec.skateuniverse-1.apk	All_Apk
7078	com.disney.bola_goo-1.apk	All_Apk
7079	com.explorationbase.ExplorationLite-1.apk	All_Apk
7080	com.fivebits.fitthefat-1.apk	All_Apk
7081	com.footballbubble.android-1.apk	All_Apk
7082	com.frenchgames.frenchsworld-1.apk	All_Apk
7083	com.gamevil.bmpoker.global-1.apk	All_Apk
7084	com.gameville.angrycats-1.apk	All_Apk
7085	com.glu.stardomng-1.apk	All_Apk
7086	com.in.xray.scanner.us-1.apk	All_Apk
7087	com.kabam.wartune.android-1.apk	All_Apk
7088	com.linecorp.LGTMTMG-1.apk	All_Apk
7089	com.mineblockcraft.game-1.apk	All_Apk
7090	com.optimesoftware.tictactoe.free-1.apk	All_Apk
7091	com.playwithfriends.TrialGames-1.apk	All_Apk
7092	com.qike.witchwar-1.apk	All_Apk
7093	com.runrunyxg2.android-1.apk	All_Apk
7094	com.sharkparty.bingo16-1.apk	All_Apk
7095	com.tabtale.shaveme-1.apk	All_Apk
7096	com.torch.lampe.flashlight-1.apk	All_Apk
7097	com.tp.android.lips-1.apk	All_Apk
7099	net.skyvu.battlebearsultimate-1.apk	All_Apk
7100	com.chinapnr.client-1.apk	All_Apk
7101	org.zhiboba.sports-1.apk	All_Apk
7102	com.garmin.android.apps.viago-1.apk	All_Apk
7104	com.roadhousegames.carnage-1.apk	All_Apk
7105	com.turner.copatoon-1.apk	All_Apk
7106	tv.justin-1.apk	All_Apk
7107	com.disney.checkoutchallenge_goo-1.apk	All_Apk
7108	com.snkplaymore.android009-1.apk	All_Apk
7109	com.soco.veggies2_91-1.apk	All_Apk
7128	viva.reader-1.apk	All_Apk
7130	air.com.differencegames.threepyramidtripeaksfree-1.apk	All_Apk
7131	air.org.axisentertainment.BabyHazelSiblingTrouble-1.apk	All_Apk
7132	aiy.lwh.games.mine-1.apk	All_Apk
7133	com.ScnStudios.TrafficPoliceCarDriving-1.apk	All_Apk
7134	com.absoluteappsmedia.android_slushymania-1.apk	All_Apk
7135	com.atomic.apps.ringtone.cutter-1.apk	All_Apk
7136	com.avidionmedia.iGunHD-1.apk	All_Apk
7138	com.bestgame.climb-1.apk	All_Apk
7139	com.bog.callofmodernwar-1.apk	All_Apk
7140	com.bouffardgame.prisonescape-1.apk	All_Apk
7141	com.brighthouse.whitetiles4And-1.apk	All_Apk
7143	com.carottus.squarishbird-1.apk	All_Apk
7144	com.chi.School-1.apk	All_Apk
7145	com.crocodile.simulator.free-1.apk	All_Apk
7148	com.demirm.bubble.popping.marine-1.apk	All_Apk
7149	com.estoty.game2048pvp-1.apk	All_Apk
7152	com.fightserviale78941.blockwarcombat123456-1.apk	All_Apk
7153	com.frojo.moy2-1.apk	All_Apk
7156	com.glu.dino-1.apk	All_Apk
7158	com.handmark.sportcaster-1.apk	All_Apk
7159	com.horse.simulator.free-1.apk	All_Apk
7160	com.i6.transportairplane-1.apk	All_Apk
7161	com.ibotta.android-1.apk	All_Apk
7164	com.kabam.underworldandroid-1.apk	All_Apk
7165	com.king.pyramidsolitairesaga-1.apk	All_Apk
7168	com.libiitech.makeup-1.apk	All_Apk
7169	com.libiitech.oceandoctor-1.apk	All_Apk
7170	com.lockwoodpublishing.avakinlife-1.apk	All_Apk
7171	com.maaxfuntime.AmLottery-1.apk	All_Apk
7172	com.mastercomlimited.penalty-1.apk	All_Apk
7173	com.mastercomlimited.racethetraffic-1.apk	All_Apk
7174	com.microgames.deadninja-1.apk	All_Apk
7175	com.minuteplus.frozenpotion-1.apk	All_Apk
7176	com.mobage.ww.a1933.Super_Battle_Tactics_Android-1.apk	All_Apk
7178	com.nickonline.android.nickapp-1.apk	All_Apk
7180	com.ovl.com.kolmmfk22-1.apk	All_Apk
7181	com.phonevalley.progressive-1.apk	All_Apk
7182	com.plabs.planetofc-1.apk	All_Apk
7184	com.pocketplay.PW1A-1.apk	All_Apk
7185	com.ppfungames.deathclassroom-1.apk	All_Apk
7186	com.proapp.pro.app.compass-1.apk	All_Apk
7187	com.qisi.inputmethod-1.apk	All_Apk
7188	com.randomlogicgames.guessthecharacter-1.apk	All_Apk
7190	com.sega.sonicjumpfever-1.apk	All_Apk
7191	com.sei.android-1.apk	All_Apk
7192	com.survival.craft.pixelmon-1.apk	All_Apk
7193	com.tabtale.princesspalace-1.apk	All_Apk
7194	com.teamlava.fashionstory38-1.apk	All_Apk
7195	com.upgravity.guesstherestaurant-1.apk	All_Apk
7198	com.warrierrush.android-1.apk	All_Apk
7199	com.webmd.android-1.apk	All_Apk
7201	com.yes.game.mobile.boxing.game-1.apk	All_Apk
7202	com.yes.game.mobile.football.worldcup-1.apk	All_Apk
7203	eb.lemontree.cooking-1.apk	All_Apk
7204	mominis.Generic_Android.Ninja_Chicken_Multiplayer_Race-1.apk	All_Apk
7205	net.skyvu.letitgoat-1.apk	All_Apk
7206	ru.crazybit.experiment-1.apk	All_Apk
7208	com.jiasoft.swreader-1.apk	All_Apk
7209	com.xinmei365.font-1.apk	All_Apk
7210	org.cocos2d.fishingjoy3-1.apk	All_Apk
7211	com.astepgame.sanguotd.shufree-1.apk	All_Apk
7212	com.sec.pcw-1.apk	All_Apk
7213	com.disney.castleofillusion_goo-1.apk	All_Apk
7224	com.credeone.armoredcarhd-1.apk	All_Apk
7233	com.trinitigame.android.miniwarriors-1.apk	All_Apk
7240	com.bungieinc.bungiemobile-1.apk	All_Apk
7239	air.com.sixminute.pickapet-1.apk	All_Apk
7238	com.kunpo.babaqunaer2-1.apk	All_Apk
7362	air.com.kitchenscramble.goo-1.apk	All_Apk
7244	com.dm.timber-1.apk	All_Apk
7245	com.doodle.shootbubble-1.apk	All_Apk
7246	com.espn.fantasy.lm.football-1.apk	All_Apk
7247	com.feelingtouch.sod-1.apk	All_Apk
7248	com.game.JewelsStar3-1.apk	All_Apk
7249	com.gamelion.bhp-1.apk	All_Apk
7250	com.gamevil.fantasywarlord.ad.google.ww.normal-1.apk	All_Apk
7251	com.gamevil.kritikamobile.android.google.global.normal-1.apk	All_Apk
7252	com.goodgame.mm.pianotiles-1.apk	All_Apk
7253	com.halfbrick.FishOutOfWater-1.apk	All_Apk
7255	com.kongregate.mobile.gameofthronesascent.google-1.apk	All_Apk
7257	com.roblox.client-1.apk	All_Apk
7258	com.tabtale.nosedoctorx-1.apk	All_Apk
7259	com.topwargames.sticksniper-1.apk	All_Apk
7261	com.wallpaper.fingerprint.lockscreen.free-1.apk	All_Apk
7263	minecraft.pixelmon.wikicraftnew-1.apk	All_Apk
7270	com.hanaskcard.app.touchstamp-1.apk	All_Apk
7276	com.softforum.sample-1.apk	All_Apk
7279	com.celliecraze.chesschess-1.apk	All_Apk
7280	com.mafia.mota-1.apk	All_Apk
7281	com.soco.veggies2_baidu2-1.apk	All_Apk
7282	com.uniqlo.ja.catalogue-1.apk	All_Apk
7285	com.turner.bestparkintheuniverse-1.apk	All_Apk
7286	air.com.distractionware.vvvvvvmobile-1.apk	All_Apk
7287	air.com.oranginalplan.weaphonesvol2-1.apk	All_Apk
7288	air.zoi.ponycreator-1.apk	All_Apk
7289	com.chickadeegames.notoriousinc-1.apk	All_Apk
7291	com.meitu.facefactory-1.apk	All_Apk
7306	com.panggame.keroro.google.kr-1.apk	All_Apk
7313	com.inkle.sorcery2-1.apk	All_Apk
7314	com.intellijoy.sightwords-1.apk	All_Apk
7315	com.jakyl.kiwanuka-1.apk	All_Apk
7316	com.mtvn.SpongeBobDoodleJump-1.apk	All_Apk
7317	com.mtvn.bubblepuppy.handset-1.apk	All_Apk
7318	com.sega.ssasr-1.apk	All_Apk
7319	com.square_enix.android_googleplay.subarashikikonosekai_solo-1.apk	All_Apk
7320	com.tresebrothers.games.factionwarselite-1.apk	All_Apk
7321	info.wobamedia.mytalkingpet.plus-1.apk	All_Apk
7322	supermatio.matt-1.apk	All_Apk
7324	com.bulkypix.supahtroop-1.apk	All_Apk
7325	com.playrisedigital.ttr-1.apk	All_Apk
7328	org.cocos2d.fishingjoy3.wdj-1.apk	All_Apk
7329	com.cdyj.tom.pkssbwz-1.apk	All_Apk
7330	com.leosfortune-1.apk	All_Apk
7331	jp.gungho.dokuro-1.apk	All_Apk
7332	kemco.execreate.alphadiagenesis-1.apk	All_Apk
7333	com.ubisoft.princeofpersia.shadowandflame.ggp-1.apk	All_Apk
7334	no.ravnstudio.cardboard-1.apk	All_Apk
7335	com.doublefine.thecave-1.apk	All_Apk
7336	com.microsoft.xboxmusic-1.apk	All_Apk
7337	com.commsource.beautyplus-1.apk	All_Apk
7338	com.ubercab-1.apk	All_Apk
7339	com.nsd.sorceressOfFortunehack-1.apk	All_Apk
7341	com.zplay.thsfishing.mm-1.apk	All_Apk
7344	tv.danmaku.bili-1.apk	All_Apk
7361	air.com.differencegames.hosummergardenfree-1.apk	All_Apk
7346	com.togic.livevideo-1.apk	All_Apk
7355	com.babeltime.fknsango_91-1.apk	All_Apk
7359	com.miHoYo.HSoDv22144.yyh-1.apk	All_Apk
7348	com.lyl.xcmpuzzle-1.apk	All_Apk
7349	com.lenovo.videoplayer-1.apk	All_Apk
7350	com.gameloft.android.ANMP.GloftIVHM-1.apk	All_Apk
7352	com.sparklingsociety.cityislandairport2-1.apk	All_Apk
7353	com.teamlava.farmthree-1.apk	All_Apk
7364	com.androidwasabi.livewallpaper.g3-1.apk	All_Apk
7367	com.atrilliongames.chessgame-1.apk	All_Apk
7369	com.beachfrontmedia.familyfeud-1.apk	All_Apk
7370	com.brokenscreen.crackscreen-1.apk	All_Apk
7371	com.businessbitterloud.spend-1.apk	All_Apk
7372	com.capcommobile.smurfspuzzle-1.apk	All_Apk
7373	com.coursethesespeed.googde-1.apk	All_Apk
7374	com.crazylabs.cheatingtomfull-1.apk	All_Apk
7375	com.d3dxlabgames.prosniper-1.apk	All_Apk
7376	com.degoo.android.makeupsalon-1.apk	All_Apk
7377	com.digitalsky.dragonbane.elite-1.apk	All_Apk
7378	com.dreamgame.bubblecat2-1.apk	All_Apk
7379	com.drippler.android.updates-1.apk	All_Apk
7380	com.emflag.mahjongmaster-1.apk	All_Apk
7381	com.everydayiplay.vikingsgonewild-1.apk	All_Apk
7382	com.fatface.free.app1-1.apk	All_Apk
7383	com.fightcraft.free.mod-1.apk	All_Apk
7384	com.fingerdance.empire-1.apk	All_Apk
7385	com.fingersoft.benjibananasadventures-1.apk	All_Apk
7386	com.freegamesstudio.thesurvivalhuntergames2-1.apk	All_Apk
7388	com.gameholic.ggplay.tkfy-1.apk	All_Apk
7389	com.games.mountain.racer-1.apk	All_Apk
7390	com.games.msplash-1.apk	All_Apk
7391	com.gc.shark.attack-1.apk	All_Apk
7392	com.ggee.vividruntime.gg_1666-1.apk	All_Apk
7393	com.google.android.launcher-1.apk	All_Apk
7394	com.grillgames.guitarrockhero-1.apk	All_Apk
7395	com.houzz.app-1.apk	All_Apk
7396	com.hugsnhearts.android_frozen_beauty_queen-1.apk	All_Apk
7397	com.igg.android.im-1.apk	All_Apk
7398	com.igg.bravetrials-1.apk	All_Apk
7399	com.jungle.monkey.run.saga-1.apk	All_Apk
7400	com.kakapo.worldbingo-1.apk	All_Apk
7401	com.ketchapp.donttouchthespikes-1.apk	All_Apk
7402	com.kongregate.mobile.epicskater.google-1.apk	All_Apk
7404	com.lezhi.SeaSideSpaSalon-1.apk	All_Apk
7405	com.libiitech.highschoolsalon-1.apk	All_Apk
7406	com.llapps.mirrorphoto-1.apk	All_Apk
7407	com.ludia.familyfeudblitz-1.apk	All_Apk
7408	com.ludia.millionairefree-1.apk	All_Apk
7409	com.luxury.car.driving-1.apk	All_Apk
7410	com.mastercomlimited.unrollit-1.apk	All_Apk
7411	com.mobage.ww.a1675.FlutterMobile_Android-1.apk	All_Apk
7413	com.mobirix.playmaze-1.apk	All_Apk
7414	com.mss.doublediamond-1.apk	All_Apk
7415	com.music.player.v1000-1.apk	All_Apk
7416	com.my.evolution.android-1.apk	All_Apk
7417	com.nekki.shadowfight-1.apk	All_Apk
7418	com.nfl.fantasy.core.android-1.apk	All_Apk
7419	com.onayns.kofighter87451-1.apk	All_Apk
7420	com.onlinewolves.flashlight-1.apk	All_Apk
7421	com.outfit7.movingeye.swampattack-1.apk	All_Apk
7422	com.pennypop.monsters.live-1.apk	All_Apk
7423	com.pirateapp-1.apk	All_Apk
7424	com.playway.cms2014-1.apk	All_Apk
7425	com.prettypet.google.oldmacdonaldfarm-1.apk	All_Apk
7426	com.remind101-1.apk	All_Apk
7427	com.resultcousinmodel.borrow-1.apk	All_Apk
7428	com.sega.cityrush-1.apk	All_Apk
7429	com.spacegame.dessert-1.apk	All_Apk
7430	com.springwalk.mediaconverter-1.apk	All_Apk
7431	com.sydneyapps.remotecontrol-1.apk	All_Apk
7433	com.tabtale.kidssportsdoctorx-1.apk	All_Apk
7434	com.tabtale.monstergirlz-1.apk	All_Apk
7439	com.tongwei.toiletGame-1.apk	All_Apk
7440	com.topjoystudio.sniperkiller-1.apk	All_Apk
7441	com.tp.android.loseweight-1.apk	All_Apk
7442	com.tp.android.princessnosespa-1.apk	All_Apk
7443	com.turner.castledoombadfree-1.apk	All_Apk
7444	com.twodoor.hurry-1.apk	All_Apk
7447	com.vg.CarTransporterParkingExtended-1.apk	All_Apk
7449	com.viewster.androidapp-1.apk	All_Apk
7450	com.wb.goog.batman.brawler2013-1.apk	All_Apk
7451	com.wbr.worldofbattleship-1.apk	All_Apk
7452	com.wegoi.revolt2multiplayer-1.apk	All_Apk
7453	com.wlwx.ma_explore-1.apk	All_Apk
7454	com.yahoo.mobile.client.android.fantasyfootball-1.apk	All_Apk
7455	com.zqgame.ec.en.androidgp-1.apk	All_Apk
7459	game.jellymania-1.apk	All_Apk
7460	laser.pointer.laser.simulator.laserpointersimulator.laser-1.apk	All_Apk
7461	laser.pointer.laserpointer-1.apk	All_Apk
7462	net.ReferyGames.FCT-1.apk	All_Apk
7463	net.peakgames.mobile.spades.android-1.apk	All_Apk
7464	org.iaendi.mvp-1.apk	All_Apk
7465	org.pbskids.video-1.apk	All_Apk
7466	us.electric.screen.free10-1.apk	All_Apk
7495	com.gamevil.zenonia5.chukong.wdj-1.apk	All_Apk
7467	com.teayelp.whereareyou-1.apk	All_Apk
7649	com.snkplaymore.android007-1.apk	All_Apk
7501	com.google.android.GoogleCamera-1.apk	All_Apk
7502	com.footballguys.Dom2014-1.apk	All_Apk
7503	com.mtvn.tmntMovieGame-1.apk	All_Apk
7504	com.noodlecake.waywardsouls-1.apk	All_Apk
7505	com.realdrift.sipon-1.apk	All_Apk
7650	com.square_enix.android_googleplay.dq4-1.apk	All_Apk
7514	com.herocraft.game.full.st_ussr_usa-1.apk	All_Apk
7655	net.zhuoweizhang.pocketinveditor.pro-1.apk	All_Apk
7653	com.tocaboca.tocalab-1.apk	All_Apk
7506	com.active.aps.c25k-1.apk	All_Apk
7727	com.qukong.crazyfish3-1.apk	All_Apk
7509	com.lightricks.facetune-1.apk	All_Apk
7510	com.marvel.guardiansofthegalaxy_goo-1.apk	All_Apk
7511	com.overllc.over-1.apk	All_Apk
7512	com.gameloft.android.ANMP.GloftASHM-1.apk	All_Apk
7513	com.gameloft.android.ANMP.GloftM5HM-1.apk	All_Apk
7515	com.turner.prankwar-1.apk	All_Apk
7516	com.turner.timetangle-1.apk	All_Apk
7517	block.city.game-1.apk	All_Apk
7518	com.showtime.showtimeanytime-1.apk	All_Apk
7519	net.loadinghome.thegreatfusion-1.apk	All_Apk
7521	air.com.aetnent.history.android.kids.FrontierHeroes-1.apk	All_Apk
7522	air.com.radialgames.MonsterLovesYou-1.apk	All_Apk
7524	ch.feinheit.games.firststrike-1.apk	All_Apk
7525	com.FDGEntertainment.Blueprint3DHD.gp-1.apk	All_Apk
7526	com.Paladog.KorGG-1.apk	All_Apk
7527	com.PanicEnsuesSoftware.CrashDive-1.apk	All_Apk
7528	com.SleepNinjaGames.MAMBC-1.apk	All_Apk
7530	com.alawar.houseof1000doorspaid-1.apk	All_Apk
7534	com.codemasters.cmrally-1.apk	All_Apk
7536	com.digitalreality.ig2-1.apk	All_Apk
7537	com.disney.grandprixxd.goo-1.apk	All_Apk
7538	com.disney.gravityfallsmysteryshackattack_goo-1.apk	All_Apk
7541	com.dotemu.neogeo.mslugx-1.apk	All_Apk
7542	com.dotemu.neogeo.samsho2-1.apk	All_Apk
7544	com.eps.survivaloftheforest-1.apk	All_Apk
7545	com.firemaplegames.joe.Mosaika_iOS-1.apk	All_Apk
7546	com.firerabbit.games.fmc.zs.full-1.apk	All_Apk
7547	com.foursakenmedia.bugheroes2-1.apk	All_Apk
7548	com.glutenfreegames.foxsimulator-1.apk	All_Apk
7550	com.grapefrukt.games.rymdkapsel1-1.apk	All_Apk
7552	com.hyperdevbox.indy500-1.apk	All_Apk
7553	com.inkle.sorcery1-1.apk	All_Apk
7554	com.joybits.doodledevil_pay-1.apk	All_Apk
7555	com.kevinbradford.games.secondgrade-1.apk	All_Apk
7556	com.landoncope.games.toddlersingandplay2-1.apk	All_Apk
7557	com.lightbot.lightbot-1.apk	All_Apk
7558	com.littleeyes.eliss_infinity-1.apk	All_Apk
7559	com.littleinferno.google-1.apk	All_Apk
7560	com.murudai.Solar2-1.apk	All_Apk
7561	com.nomadgames.talisman-1.apk	All_Apk
7562	com.noodlecake.deviousdungeon-1.apk	All_Apk
7565	com.paradoxplaza.imagicka-1.apk	All_Apk
7567	com.playfirst.playground.dinerdashspongebobdeluxe-1.apk	All_Apk
7569	com.russpuppy.alphabettoddler-1.apk	All_Apk
7570	com.snkplaymore.kof2012a-1.apk	All_Apk
7571	com.square_enix.android_googleplay.FF4AY_GP-1.apk	All_Apk
7572	com.swiftapps.catsimulator3d-1.apk	All_Apk
7575	com.thup.fixit-1.apk	All_Apk
7576	com.tribeplay.pandaairport-1.apk	All_Apk
7577	com.tribeplay.pandabus-1.apk	All_Apk
7578	com.tribeplay.pandahousework-1.apk	All_Apk
7579	com.turner.wrathofpsychobos1-1.apk	All_Apk
7580	com.wickeyware.minesofmars-1.apk	All_Apk
7581	gamelab3d.com.FreeRoam3D-1.apk	All_Apk
7582	it.rortos.f18carrierlandingiipro-1.apk	All_Apk
7583	namco.pacman.ce-1.apk	All_Apk
7584	org.pbskids.wkwa-1.apk	All_Apk
7585	com.iqinbao.android.oversize-1.apk	All_Apk
7586	com.square_enix.chaosrings2gp-1.apk	All_Apk
7587	com.bulkypix.lonewolf-1.apk	All_Apk
7588	com.crazylabs.primitives-1.apk	All_Apk
7589	com.funfactory.mmcl-1.apk	All_Apk
7590	com.gamegarden.fd-1.apk	All_Apk
7591	com.king2.english.us-1.apk	All_Apk
7592	com.mobage.ww.a1575.Motor_World_Car_Factory_Android-1.apk	All_Apk
7593	com.mobage.ww.a1917.Hell_Marys_Android-1.apk	All_Apk
7594	com.sevenga.hog.gp-1.apk	All_Apk
7595	com.skgames.wingsonfiregame-1.apk	All_Apk
7596	com.tabtale.dirtykids-1.apk	All_Apk
7600	com.bandsintown-1.apk	All_Apk
7601	com.catdaddy.cat22-1.apk	All_Apk
7604	com.disney.gravityfallsmysteryshackattackfree_goo-1.apk	All_Apk
7606	com.dmssc.nobodydiesalone-1.apk	All_Apk
7610	com.glu.baseball-1.apk	All_Apk
7612	com.konamobile.bubbleislandadventure-1.apk	All_Apk
7613	com.lygame.pianotilesnewbiname-1.apk	All_Apk
7614	com.magmamobile.game.BubbleBlastAdventure-1.apk	All_Apk
7617	com.mobigrow.escapequest-1.apk	All_Apk
7619	com.offerup-1.apk	All_Apk
7620	com.orbitz-1.apk	All_Apk
7621	com.pixign.premiumwallpapers-1.apk	All_Apk
7623	com.tabtale.dentistmania-1.apk	All_Apk
7624	com.tapinator.angry.sharksimulator3D-1.apk	All_Apk
7625	com.tfsapps.playtube6-1.apk	All_Apk
7627	com.topgamestudio.survivalhungrygames-1.apk	All_Apk
7628	com.uberent.toybotsstore-1.apk	All_Apk
7629	com.zindagigames.test-1.apk	All_Apk
7630	hoang.plk.tidus.guitarheroes2-1.apk	All_Apk
7631	net.ReferyGames.WCWW-1.apk	All_Apk
7632	net.SandStormEarl.TCJS-1.apk	All_Apk
7633	net.tv.remote.universal-1.apk	All_Apk
7635	jp.pascal.basschallenge-1.apk	All_Apk
7636	com.autonavi.xmgd.navigator-1.apk	All_Apk
7637	com.baidu.netdisk-1.apk	All_Apk
7638	com.besttone.hall-1.apk	All_Apk
7639	com.gwsoft.imusic.controller-1.apk	All_Apk
7640	com.happyelements.AndroidAnimal-1.apk	All_Apk
7641	com.huawei.pisa.activity-1.apk	All_Apk
7642	com.lenovo.safecenter-1.apk	All_Apk
7643	com.mgyun.shua.su-1.apk	All_Apk
7644	com.miui.mihome2-1.apk	All_Apk
7645	com.mogujie-1.apk	All_Apk
7646	com.tencent.androidqqmail-1.apk	All_Apk
7647	com.tongcheng.android-1.apk	All_Apk
7648	fm.qingting.qtradio-1.apk	All_Apk
7657	com.reebee.reebee-1.apk	All_Apk
7662	air.com.goodgamestudios.shadowkings-1.apk	All_Apk
7665	casinogamestudios.dolphincasino-1.apk	All_Apk
7666	casinogamestudios.farmslots-1.apk	All_Apk
7667	com.VariousGames.HardDismount-1.apk	All_Apk
7669	com.bandainamcogames.pacfriends-1.apk	All_Apk
7670	com.bluedragon.dragonball-1.apk	All_Apk
7671	com.byscout.whitetiles4And-1.apk	All_Apk
7672	com.classdojo.android-1.apk	All_Apk
7673	com.criticalhitsoftware.policescanner50free-1.apk	All_Apk
7674	com.dotgears.swing-1.apk	All_Apk
7676	com.feelingtouch.slotgame2-1.apk	All_Apk
7677	com.fusionprojects.edmodo-1.apk	All_Apk
7679	com.gameloft.android.ANMP.GloftNJHM-1.apk	All_Apk
7681	com.h5g.high5casino-1.apk	All_Apk
7682	com.lezhi.princessbeautyspasalon-1.apk	All_Apk
7683	com.miantan.myoface-1.apk	All_Apk
7684	com.ninjajumprun.android-1.apk	All_Apk
7685	com.qisiemoji.inputmethod-1.apk	All_Apk
7686	com.rainforgiveprobable.proposal-1.apk	All_Apk
7687	com.tabtale.babyairport-1.apk	All_Apk
7688	com.tap4fun.rosandroid-1.apk	All_Apk
7689	com.teamlava.matchbakery-1.apk	All_Apk
7690	com.turtle.stair.eject-1.apk	All_Apk
7691	com.umonistudio.color-1.apk	All_Apk
7692	com.wowgames.labyrinth-1.apk	All_Apk
7693	com.xbubble.bubbleisland2-1.apk	All_Apk
7694	com.zombie.road.racing-1.apk	All_Apk
7696	laser.pointer.freegames-1.apk	All_Apk
7697	me.tango.roadriot-1.apk	All_Apk
7707	com.androidemu.harvemario.swnosigns-1.apk	All_Apk
7729	com.oddworld.abespeak-1.apk	All_Apk
7703	com.kimi.ggplay.hxqztw-1.apk	All_Apk
7704	com.veewo.a1024-1.apk	All_Apk
7732	com.ea.game.maddenmobile15_row-1.apk	All_Apk
7756	com.bezircle-1.apk	All_Apk
7757	com.magmamobile.game.RFR-1.apk	All_Apk
7759	com.redbull.airrace-1.apk	All_Apk
7761	net.froemling.bombsquad-1.apk	All_Apk
7763	com.bulkypix.orborun-1.apk	All_Apk
7765	com.GoldenTricycle.ClarcPrem-1.apk	All_Apk
7766	com.Thinice.TwinRobots.NoAds-1.apk	All_Apk
7767	com.deadmage.shadowblade.paid-1.apk	All_Apk
7769	com.niffler.chuckschallenge3d-1.apk	All_Apk
7770	com.playrisedigital.ttge-1.apk	All_Apk
7772	com.bulkypix.tec3001-1.apk	All_Apk
7773	com.nsd.mysteryOfFortune-1.apk	All_Apk
7774	com.itangyuan-1.apk	All_Apk
7775	com.bo.games.runningeveryday-1.apk	All_Apk
7776	me.hypertext.local.jiong2-1.apk	All_Apk
7777	org.cocos2d.fishingjoy3.qihu-1.apk	All_Apk
7778	org.cocos2dx.GoldenFishGame-1.apk	All_Apk
7779	yong.universalplayer-1.apk	All_Apk
7920	air.com.gamevil.zenonia2-1.apk	Other
7790	com.trash.mountain-1.apk	All_Apk
7791	com.turner.cnrockbandits-1.apk	All_Apk
7792	io.hoverstud.readysteadyplay-1.apk	All_Apk
7919	main.fm.cs.en-1.apk	All_Apk
7918	com.my.fight.cmcc-1.apk	All_Apk
7795	com.clearchannel.iheartradio.tv-1.apk	All_Apk
7796	com.n3vgames.deadonarrival2-1.apk	All_Apk
7797	com.netflix.ninja-1.apk	All_Apk
7798	com.recoilgames.rochard-1.apk	All_Apk
7915	com.rovio.retry-1.apk	All_Apk
7917	Adrenaline.Crew-1.apk	All_Apk
7916	com.enterproid.divideinstaller-1.apk	All_Apk
7801	air.com.FDGEntertainment.BloodyHarry-1.apk	All_Apk
7802	com.NamcoNetworks.MsPacManDemo-1.apk	All_Apk
7803	com.ea.game.warsawcommander_row-1.apk	All_Apk
7804	com.gamelion.sims_lg_sra-1.apk	All_Apk
7805	com.trendyent.floppyfrogfinal-1.apk	All_Apk
7806	namco.pacman.cedemo-1.apk	All_Apk
7913	com.tieyou.train.ark-1.apk	All_Apk
7808	com.disney.troz-1.apk	All_Apk
7809	com.handsgo.jiakao.android-1.apk	All_Apk
7810	com.soulgame.bubble-1.apk	All_Apk
7811	com.sskj.flashlight-1.apk	All_Apk
7812	com.xunlei.downloadprovider-1.apk	All_Apk
7825	com.show.android.beauty-1.apk	Baidu
7830	com.bandainamcogames.pacfriends-1.apk	N5
7828	air.com.ea.game.monopolyslots_na-1.apk	N5
7829	com.NamcoNetworks.MsPacManDemo-1.apk	N5
7826	com.tieyou.train.ark-1.apk	Baidu
7831	com.ea.BejeweledBlitz_na-1.apk	N5
7832	com.ea.boggle_na-1.apk	N5
7833	com.ea.game.dragonage_na-1.apk	N5
7834	com.ea.game.dungeonkeeper_na-1.apk	N5
7835	com.kabam.fortress-1.apk	N5
7836	com.kabam.newcnhoc-1.apk	N5
7837	com.namcobandaigames.pacmantournaments-1.apk	N5
7838	com.namcobandaigames.riseofglory-1.apk	N5
7839	com.sega.cityrush-1.apk	N5
7840	com.sega.sonicjumpfever-1.apk	N5
7841	com.androidesk-1.apk	MOFD
7842	com.dmssc.nobodydiesalone-1.apk	MOFD
7843	com.enflick.android.TextNow-1.apk	MOFD
7844	com.imangi.templerun2-1.apk	MOFD
7845	com.immomo.momo-1.apk	MOFD
7846	com.king.petrescuesaga-1.apk	MOFD
7847	com.tap4fun.kings_empire-1.apk	MOFD
7848	com.turner.atskisafari-1.apk	MOFD
7912	org.sopcast.android-1.apk	All_Apk
7850	com.audiocn.kalaok-1.apk	MOFD
7851	com.bamnetworks.mobile.android.gameday.atbat-1.apk	MOFD
7852	com.google.android.apps.plus-1.apk	MOFD
7853	com.google.android.talk-1.apk	MOFD
7854	com.microsoft.xboxmusic-1.apk	MOFD
7855	tv.danmaku.bili-1.apk	MOFD
7856	com.baidu.video-1.apk	ECS
7857	com.hp.printercontrol-1.apk	ECS
7858	com.sohu.sohuvideo-1.apk	ECS
7859	com.sohu.tv-1.apk	ECS
7860	com.taobao.taobao-1.apk	ECS
7861	com.tencent.mm-1.apk	ECS
7862	com.ubisoft.assassin.pirates-1.apk	ECS
7863	com.wandoujia.phoenix2-1.apk	ECS
7864	air.cn.kx.yttxgoogleTwthree-1.apk	MOFD
7865	com.locojoy.punchbox.immt_a_chs-1.apk	MOFD
7866	com.togic.livevideo-1.apk	MOFD
7867	com.tosmart.chessroad-1.apk	MOFD
7868	com.wandoujia.phoenix2-1.apk	MOFD
7869	air.cn.kx.yttxgoogleTwthreenew-1.apk	MOFD
7870	cn.jingling.motu.photowonder-1.apk	MOFD
7871	com.Qunar-1.apk	MOFD
7872	com.bandainamcogames.pacfriends-1.apk	MOFD
7873	com.byscout.whitetiles4And-1.apk	MOFD
7874	com.fgol.HungrySharkEvolution-1.apk	MOFD
7875	com.fivestargames.slots-1.apk	MOFD
7876	com.funshion.video.mobile-1.apk	MOFD
7877	com.gamevil.kritikamobile.android.google.global.normal-1.apk	MOFD
7878	com.glu.baseball-1.apk	MOFD
7879	com.glu.deerhunt2-1.apk	MOFD
7880	com.guildsoftware.vendetta-1.apk	MOFD
7881	com.igg.android.im-1.apk	MOFD
7882	com.instagram.android-1.apk	MOFD
7883	com.kascend.video-1.apk	MOFD
7884	com.king.candycrushsaga-1.apk	MOFD
7885	com.king.farmheroessaga-1.apk	MOFD
7886	com.king.pyramidsolitairesaga-1.apk	MOFD
7887	com.lookout-1.apk	MOFD
7888	com.oupeng.mini.android-1.apk	MOFD
7889	com.playtika.wsop.gp-1.apk	MOFD
7890	com.realdrift.sipon-1.apk	MOFD
7891	com.shoujiduoduo.ringtone-1.apk	MOFD
7892	com.smile.gifmaker-1.apk	MOFD
7893	com.sohu.inputmethod.sogou-1.apk	MOFD
7894	com.soulgame.bubble-1.apk	MOFD
7895	com.storm.smart-1.apk	MOFD
7896	com.tabtale.babycareanddressup-1.apk	MOFD
7897	com.ultimateguitar.tabs-1.apk	MOFD
7898	com.umonistudio.tile-1.apk	MOFD
7899	com.walmart.android-1.apk	MOFD
7900	com.youku.tv-1.apk	MOFD
7901	com.zynga.FarmVille2CountryEscape-1.apk	MOFD
7902	im.yixin-1.apk	MOFD
7903	jp.naver.line.android-1.apk	MOFD
7904	slide.cameraZoom-1.apk	MOFD
7905	com.ea.game.pvz2_na-1.apk	ECS
7906	com.ea.game.realracing2_OTD_na-1.apk	ECS
7907	com.ea.game.simpsons4_na-1.apk	ECS
7908	com.emulator.fpse-1.apk	ECS
7909	com.gameloft.android.ANMP.GloftGGHM-1.apk	ECS
7910	com.qisiemoji.inputmethod-1.apk	ECS
7911	com.square_enix.android_googleplay.FFVI-1.apk	ECS
